0,159.73,104.65,191.31,141.83,99.867,102.64,120.14,1.3168,46.018,1.385,25.624,28.519,13.483,20.503,50.119,1.4972,15.368,1.5278,1.5725,1.6855,104.04,7.1395,1.6401,0.89708,2.1617,110.54,3.8529,0,0,0,28.46,0,0,0,2.0682,0.87377,10.404,30.91,2.3036,12.331,0.096652,2.2654,16.366,0,2.6139,6.4144,12.761,3.035,1.0774,0,9.65,31.177,2.5639,6.3935,2.0412,3.5895,13.16,29.329,0,2.7294,2.6775,1.0423,2.8825,0,56.328,3.5667,12.125,21.36,2.6036,3.0359,1.874,15.882,0,5.6178,13.092,25.906,23.284,4.0557,3.5634,16.65,3.3736,6.9283,32.29,37.314,40.478,8.9156,2.3813,0,3.7079,3.4568,1.6326,2.1598,3.0763,9.5907,1.4697,1.4613,15.411,9.464,13.239,3.4578,3.0554,7.1283,3.3885,4.964,2.7308,4.1857,4.8568,1.623,2.4664,3.507,4.6167,0,4.2089,4.8444,5.1046
159.73,0,46.064,0.4977,55.804,2.6006,44.835,137.63,0.54117,103.55,0.59145,53.864,57.44,39.42,40.528,78.522,1.4426,44.785,0.68909,0.65373,0.66499,30.456,11.609,3.3414,1.8623,2.1325,20.049,1.633,8.4291,0,0,5.1223,0,0,0,0.93783,1.281,39.865,0,2.2246,11.449,30.136,1.0258,41.752,0,1.1152,34.323,10.398,2.9293,1.9098,0,17.533,53.961,1.1902,20.941,1.0639,2.9633,12.237,27.453,0,2.2286,3.2805,0.82871,1.3456,0,48.809,7.2747,7.2747,50.959,2.7924,1.9245,3.0193,17.915,0,4.0263,11.071,23.89,51.029,3.974,2.1889,13.076,1.7109,11.717,37.229,26.729,36.073,38.266,1.2338,0,2.6369,3.3798,1.3693,2.9963,1.5388,8.1104,3.7947,3.6495,15.462,3.9842,13.287,1.6729,3.0306,7.4371,1.8242,4.0331,3.834,13.69,3.3048,3.4962,3.1765,1.7096,4.395,0,4.0917,2.997,12.376
104.65,46.064,0,0.49167,46.432,0.47857,54.355,108.31,12.572,53.245,0.58462,33.604,29.841,17.292,1.4879,142.3,1.5035,73.512,0.68151,0.64506,0.66017,9.2202,11.8,3.1221,1.7371,67.155,0.697,1.62,0,0,0,4.824,0,0,0,0.927,1.2653,22.055,0,2.3349,11.896,0.12403,1.0111,36.766,0,1.104,31.662,9.5424,2.6409,2.0586,0,16.51,65.067,1.1785,8.0039,1.0179,2.9226,10.67,29.015,0,2.2922,3.3711,0.77731,1.3301,0,46.013,6.8629,6.8629,46.373,1.4499,1.9201,2.7909,19.799,0,4.2047,10.32,21.648,46.191,7.4922,2.1402,12.321,1.7056,11.193,36.624,26.139,34.236,37.458,1.2311,0,2.58,3.5358,1.2892,2.9852,1.521,7.9339,3.3228,3.2941,15.943,4.2823,13.513,1.6535,3.022,7.1818,1.806,3.8135,3.733,11.759,3.636,3.3383,2.9824,1.6962,4.143,0,4.2684,3.0257,10.49
191.31,0.4977,0.49167,0,0.51555,36.609,0.52734,0.96064,0.53453,93.511,0.5842,21.691,28.396,11.724,42.436,1.212,0.63781,1.2873,0.68067,0.64567,3.1145,0.70389,9.7913,86.42,107.73,1.5497,0.69887,1.6133,0,0,0,75.841,0,0,3.714,0.92634,0.79284,6.3913,30.966,1.7535,9.5254,0.042632,1.0131,13.863,0,1.1017,5.7643,10.252,2.2754,1.5299,0,24.432,44.556,2.031,7.8351,2.144,2.3949,11.846,21.852,0,1.6832,2.7302,1.0049,2.2995,26.142,39.079,7.348,7.6489,44.586,2.0956,2.8014,4.0442,17.493,0,3.2412,12.548,20.652,41.77,2.6996,1.8621,15.64,1.6906,10.487,38.907,46.498,38.728,41.179,1.2193,2.6557,2.6028,2.5115,1.9888,2.9608,1.52,7.3722,3.288,3.698,17.199,3.2409,10.025,2.7762,4.8469,6.8664,1.9388,3.406,3.4174,13.611,3.2978,4.6298,2.8451,1.689,5.1962,0,3.0564,2.935,13.047
141.83,55.804,46.432,0.51555,0,0.50127,46.03,113.37,0.51875,82.055,0.56659,65.812,67.008,36.289,21.169,81.218,1.3821,35.572,0.65944,0.62827,0.68347,30.053,11.238,3.1142,1.7391,2.0396,15.325,1.5538,0,0,0,4.7846,0,0,0,1.8852,1.2279,29.158,0,2.1097,10.737,0.12036,0.98803,78.115,0,1.0654,14.003,9.6752,2.7117,1.8591,0,16.391,52.261,1.1365,8.0671,1.0007,2.79,11.325,26.104,0,2.1075,3.1639,0.76744,1.2891,0,28.128,6.8203,6.8203,47.979,2.5336,1.8106,2.8065,18.101,0,3.8188,9.8215,22.045,48.217,33.96,2.1378,12.111,1.6122,7.7374,37.289,26.102,36.86,37.289,1.1606,0,2.5718,3.1641,1.2745,2.8256,1.4741,7.9135,3.521,3.3865,15.589,4.3097,13.334,1.6026,2.8533,7.3553,1.8627,3.9887,3.7249,12.517,3.5239,3.3288,2.996,1.6264,4.1696,0,3.8221,2.9711,11.391
99.867,2.6006,0.47857,36.609,0.50127,0,0.51275,0.98982,0.51936,126.14,0.56803,63.75,72.772,46.797,56.01,1.2479,1.1774,1.3173,0.66261,0.62547,29.773,0.69411,9.8071,93.21,104.56,1.5874,0.67436,14.879,0,38.225,0,6.0995,0,0,0,0.9007,18.404,6.6184,0,1.7633,9.6242,0.041022,0.97897,13.975,0,1.0746,5.8469,20.043,2.3566,1.559,0,20.778,45.405,2.0513,7.9965,50.519,2.8999,12.505,22.231,40.011,1.7037,2.6752,11.763,2.3201,0,42.471,7.9504,8.429,48.179,2.115,2.792,6.7057,17.507,0,3.2432,12.252,19.794,43.588,2.8056,2.0372,15.033,1.6738,11.534,41.416,50.372,40.429,35.959,1.2092,0,22.177,2.552,1.6419,2.9264,1.4779,7.3761,3.4637,4.0981,17.288,2.508,9.8879,2.7895,4.7016,7.1682,1.8451,3.5275,3.6493,14.975,3.2676,4.5025,2.7906,1.6552,4.9915,0,3.1042,2.691,14.061
102.64,44.835,54.355,0.52734,46.03,0.51275,0,95.432,9.1732,52.931,0.55391,53.119,48.72,28.874,1.3928,103.85,1.3929,43.835,0.64469,0.61421,0.66818,15.412,11.194,2.9215,1.6312,30.81,0.6671,1.519,0,0,0,4.5108,0,0,0,1.8987,1.2004,18.318,0,2.1209,10.707,0.11767,0.96592,71.868,0,1.0415,5.7161,8.9777,2.5058,1.8885,0,15.451,58.575,1.1111,7.7263,0.97826,2.7275,10.411,26.502,0,2.1513,3.1682,0.71962,1.2603,0,27.499,6.4375,6.4375,44.194,1.341,1.7701,2.614,16.881,0,3.8339,9.5286,22.507,44.21,54.267,2.09,11.492,1.5762,7.2594,36.454,25.518,36.454,36.454,1.1346,0,2.5142,3.1487,1.2008,2.7624,1.4412,7.7365,3.2307,3.1358,14.542,3.9711,13.289,1.5667,2.7895,6.385,1.8722,4.4657,3.6415,12.496,3.0925,3.1133,2.8172,1.59,3.9562,0,3.796,3.2863,11.238
120.14,137.63,108.31,0.96064,113.37,0.98982,95.432,0,102.86,95.053,59.122,24.624,27.345,1.3139,47.336,37.839,67.642,34.361,1.531,19.017,1.3045,37.881,6.3703,2.7167,1.5124,9.0598,22.278,3.0197,0,0,0,2.4168,0,0,0,48.623,1.1379,29.956,0,67.188,21.628,78.746,1.9404,11.218,0,2.7046,26.929,6.5991,2.5281,1.8097,0,8.4996,35.065,2.2702,5.9569,1.6272,2.7523,10.595,28.906,0,1.5134,2.548,0.75737,2.5214,0,41.933,3.6004,8.5572,54.323,2.219,2.5403,1.8819,6.4453,0,5.5588,9.6884,22.617,53.824,1.3362,3.2504,12.131,3.808,7.2821,54.173,44.017,54.173,53.119,6.0675,0,3.7237,0.85127,1.147,3.4188,2.9143,9.6506,2.6884,2.7642,6.2128,7.1982,9.5992,3.073,4.4473,5.3259,3.4229,1.8916,4.6564,13.697,4.0009,2.9221,2.5692,3.7668,2.9962,0,0.94152,3.0703,14.039
1.3168,0.54117,12.572,0.53453,0.51875,0.51936,9.1732,102.86,0,2.0597,39.669,1.0917,1.0949,1.1841,1.1838,91.326,101.33,42.912,21.699,22.978,0.6504,0.6515,35.865,2.5122,1.4003,15.479,0.65222,1.4969,0,0,0,3.9673,0,0,0,45.427,1.0593,4.7528,0,2.4512,11.467,0.10689,0.94503,12.117,0,2.7172,5.1804,7.5093,2.0356,2.0063,0,13.606,68.591,3.3618,6.1599,0.97077,2.417,8.3621,30.495,0,1.8025,3.1059,0.62763,1.2369,0,26.688,7.1465,6.1752,35.756,1.3287,1.7562,2.2104,13.384,0,4.069,8.2048,18.158,35.18,2.844,2.0282,10.452,1.5623,6.25,32.441,24.765,34.77,31.024,28.328,0,2.2459,3.0024,1.0584,3.118,1.1947,7.5123,2.5992,2.6029,12.654,4.1689,12.153,4.6131,2.7665,5.3963,1.2801,3.5004,2.93,10.239,2.9626,2.6769,2.4634,1.5671,3.5423,0,3.5974,3.0355,9.3148
46.018,103.55,53.245,93.511,82.055,126.14,52.931,95.053,2.0597,0,1.08,15.755,18.535,3.9717,28.678,23.566,1.1776,9.4545,1.1737,1.217,1.4741,41.508,6.757,2.6768,1.5348,1.7048,40.853,3.1722,0,0,0,2.2404,0,0,0,1.5886,1.1258,8.6952,0,1.7911,8.8133,0.089877,1.6984,13.679,0,1.9733,5.361,14.608,62.187,0.78127,0,8.0608,23.35,1.8958,4.7786,1.5032,3.2786,58.073,20.842,19.893,1.9003,2.0096,62.028,2.1426,0,49.553,3.6158,8.8221,18.227,1.9391,2.2588,2.048,12.011,0,4.6197,11.716,20.58,20.99,3.0508,3.391,13.185,2.4098,6.0446,25.521,15.885,29.953,44.956,1.6832,0,3.4427,2.7405,1.2214,2.8635,2.2954,7.2991,1.4071,1.3865,11.477,8.25,12.278,2.5627,2.2896,4.8864,2.5369,3.4918,2.2876,3.2582,3.6004,2.9056,2.6937,2.5628,3.4872,0,3.2691,4.302,11.104
1.385,0.59145,0.58462,0.5842,0.56659,0.56803,0.55391,59.122,39.669,1.08,0,0.96679,0.9677,1.051,1.0354,51.045,105.27,11.894,28.724,15.563,0.60315,0.59467,73.553,2.1991,1.2271,1.681,0.60217,1.3712,0,0,0,3.4775,0,0,0,48.616,0.63393,4.421,0,2.0792,10.314,0.09261,0.87191,10.43,0,2.3471,4.5058,6.5175,1.772,1.8758,0,11.916,60.036,1.0029,5.4071,0.88305,2.1179,7.2596,24.482,0,1.7917,3.2192,0.54573,1.1376,0,24.822,6.2772,5.4675,30.938,1.2105,1.5978,1.9208,11.564,0,4.7092,7.1607,15.688,30.378,2.4281,1.8865,9.1508,1.4228,5.453,28.14,23.034,29.996,26.968,2.1942,0,2.4334,2.5238,0.92487,2.7155,1.3009,6.9835,2.243,2.2536,10.952,3.8032,10.267,1.4142,2.4708,4.6421,1.3251,3.0443,2.5136,8.8555,2.5445,2.3274,2.1536,1.4353,3.0107,0,3.0159,2.6185,8.0639
25.624,53.864,33.604,21.691,65.812,63.75,53.119,24.624,1.0917,15.755,0.96679,0,38.868,34.315,0.52252,14.03,1.1333,1.2459,1.1586,1.1971,103.76,71.543,5.8396,2.9085,1.644,1.5554,65.16,42.57,23.206,0,0,2.1805,19.638,0,0,1.5148,1.0774,8.321,0,1.6494,8.8769,0.078685,1.7782,13.09,0,1.8992,5.1304,11.424,2.0661,0.84232,0,8.4582,24.457,1.9644,5.2884,1.7345,2.9259,8.6313,19.838,0,2.1138,2.0076,0.77085,2.214,0,47.764,4.774,7.5178,24.452,2.0268,2.385,1.7259,13.255,0,4.2164,13.412,18.587,40.842,2.9101,26.675,11.879,2.3877,4.5338,14.675,24.16,42.692,16.43,1.714,0,3.5957,2.3638,1.2341,3.4239,2.2769,6.7704,1.2902,1.3521,12.952,9.0761,10.622,2.6151,2.6882,5.7802,2.4896,3.7847,2.4817,13.17,2.3556,3.2387,2.3556,2.5195,3.0712,0,2.8532,4.0671,14.123
28.519,57.44,29.841,28.396,67.008,72.772,48.72,27.345,1.0949,18.535,0.9677,38.868,0,29.944,0.51355,13.943,1.0986,1.2247,1.121,1.1581,87.074,54.709,5.7274,2.7959,1.579,1.5197,86.948,25.885,9.3459,0,0,2.144,5.6741,0,0,1.4663,1.0586,8.1763,0,1.6025,8.6535,0.077204,1.699,12.862,0,1.832,5.0411,11.225,2.0641,0.82924,0,8.2998,24.07,1.8828,5.0511,1.6657,2.8705,8.2453,20.862,0,2.0334,1.9297,0.77329,2.119,0,46.583,4.7001,7.3777,25.632,1.9353,2.2739,1.6926,12.54,0,4.0936,13.179,21.486,42.103,2.8617,53.245,11.802,2.3255,4.4466,10.721,18.963,43.708,16.149,1.6671,0,3.5331,2.3108,1.1969,3.2873,2.1923,6.5706,1.2674,1.329,12.221,9.0684,10.587,2.5062,2.6461,5.5566,2.3964,3.6943,2.443,12.225,4.1066,3.1013,2.3102,2.4364,3.0611,0,2.7893,4.3474,12.778
13.483,39.42,17.292,11.724,36.289,46.797,28.874,1.3139,1.1841,3.9717,1.051,34.315,29.944,0,0.50935,1.1619,1.0922,1.1729,1.1201,1.1596,64.643,100.42,5.8443,2.9561,1.6794,1.4623,31.906,84.355,57.057,17.243,9.8098,4.4399,54.184,7.7453,0,1.4539,9.3517,8.1275,0,1.5706,8.3706,0.073095,1.7496,12.786,28.636,1.8171,5.011,10.778,1.9378,0.80262,0,8.4156,23.407,1.9161,5.4173,1.7586,1.9335,7.6223,19.222,0,2.0467,1.947,0.70031,2.168,0,47.036,4.5457,7.2765,38.601,1.9966,2.3579,1.7293,13.493,0,3.0261,12.655,18.096,38.109,2.6668,3.3725,10.638,2.2476,4.5396,15.32,23.005,38.689,15.998,1.6133,0,3.2584,2.2216,1.2162,3.4291,2.2058,6.4495,1.2663,1.3165,13.143,8.2824,11.564,2.5533,2.5654,5.8508,2.3954,3.4507,2.3653,12.28,2.3584,3.3079,2.3584,2.3554,2.8416,0,2.6721,4.3215,12.479
20.503,40.528,1.4879,42.436,21.169,56.01,1.3928,47.336,1.1838,28.678,1.0354,0.52252,0.51355,0.50935,0,1.1209,1.0338,1.2188,1.0118,1.04,1.1819,1.2839,5.774,2.262,1.2749,1.4265,1.3558,2.6064,0,0,0,2.0567,0,0,0,1.3688,0.66923,7.9292,0,1.5243,8.0609,0.084222,1.4268,12.403,0,1.6758,4.8888,10.886,25.736,0.77308,0,7.2927,22.603,1.6053,3.9962,1.3269,2.7051,9.3343,18.423,0,1.7165,1.6986,1.4313,1.8024,0,38.896,3.1567,7.7154,23.429,1.6257,1.8904,1.7098,9.9771,0,3.8351,9.4202,16.732,23.023,2.4547,3.0542,12.047,2.1269,6.0006,31.418,38.132,31.578,46.767,1.5245,0,3.4264,2.31,1.0078,1.7892,1.9489,6.2475,1.2395,1.2833,9.6645,6.613,8.5472,2.1588,2.3484,4.3607,2.1381,2.9636,4.0198,5.3157,3.2707,2.4557,2.3305,2.212,3.0286,0,2.7872,4.216,12.06
50.119,78.522,142.3,1.212,81.218,1.2479,103.85,37.839,91.326,23.566,51.045,14.03,13.943,1.1619,1.1209,0,53.916,24.382,1.2595,33.843,1.0607,16.276,5.9543,2.0991,1.1861,18.958,1.3398,2.3419,0,0,0,1.9897,0,0,0,19.855,0.95052,33.976,0,28.076,10.29,0.098058,1.6045,29.066,0,7.3729,25.031,6.1989,1.8231,1.2772,0,7.1266,27.975,1.8099,5.1509,1.1901,2.0832,7.6523,23.359,0,1.0718,2.0633,0.53949,2.017,0,34.918,3.1631,6.1516,38.999,1.8101,2.4508,1.771,5.797,0,4.6758,7.5368,16.768,38.831,6.0316,2.6874,8.6401,2.8068,5.4734,43.664,35.974,45.568,40.339,48.606,0,2.8974,1.1433,0.56635,2.5141,2.3094,7.4407,2.1474,2.1427,5.703,5.414,7.3301,2.4393,3.3225,4.1979,2.8092,3.5576,3.6441,10.145,3.4249,2.236,2.1134,2.9695,2.228,0,1.3738,2.8495,9.9616
1.4972,1.4426,1.5035,0.63781,1.3821,1.1774,1.3929,67.642,101.33,1.1776,105.27,1.1333,1.0986,1.0922,1.0338,53.916,0,62.08,39.808,45.483,0.91857,1.0234,38.946,1.913,1.0718,1.5328,1.038,2.0719,0,0,0,3.0834,0,0,0,16.585,0.7931,4.0912,0,17.042,10.594,0.0832,1.6397,5.2341,0,0.85456,4.1316,5.7874,0.84937,1.6061,0,10.521,42.225,1.9091,4.6878,0.79154,2.4758,6.5499,22.447,0,1.5196,1.3468,0.47944,2.1155,0,31.203,4.3826,4.3826,33.408,1.8587,2.4242,2.2624,10.004,0,1.7124,7.8515,8.2604,32.709,2.1618,2.279,7.9796,19.854,6.1193,34.594,30.702,38.011,32.501,0.89776,0,1.5129,2.5102,0.80609,2.3462,2.4916,5.867,1.9094,1.9345,9.6397,5.0647,6.3409,2.5786,2.9399,3.9418,3.5539,2.3472,2.2171,8.6698,2.1484,2.0202,2.5059,3.2599,1.9836,0,3.0219,3.2594,8.7691
15.368,44.785,73.512,1.2873,35.572,1.3173,43.835,34.361,42.912,9.4545,11.894,1.2459,1.2247,1.1729,1.2188,24.382,62.08,0,1.1274,4.6872,0.93917,1.1154,5.2584,1.9328,1.0763,12.347,1.1927,2.1232,0,0,0,1.917,0,0,0,20.559,0.83433,40.23,0,42.859,10.388,0.09337,1.4002,10.676,0,2.0252,27.387,5.4532,1.6977,1.3592,0,6.7757,31.013,1.6188,4.3871,1.1476,1.9204,7.0581,20.896,0,1.2496,1.8122,0.51905,1.7947,0,30.392,2.9088,6.0366,37.093,1.5847,2.0857,1.5554,5.2443,0,4.4523,6.7183,15.301,36.65,2.5013,2.3433,8.5383,2.8864,5.0033,38.762,31.129,43.026,36.017,1.9293,0,2.614,0.99873,0.80329,2.4066,2.0508,7.5524,1.8826,1.9189,5.114,4.9235,6.8577,2.1674,2.9304,3.7151,2.4183,2.8745,3.4989,9.164,2.9278,2.0223,1.9241,2.6386,2.0599,0,1.1097,2.5247,9.57
1.5278,0.68909,0.68151,0.68067,0.65944,0.66261,0.64469,1.531,21.699,1.1737,28.724,1.1586,1.121,1.1201,1.0118,1.2595,39.808,1.1274,0,3.1241,0.52148,0.98005,58.29,1.7454,0.97548,1.2673,0.91501,1.1622,0,0,0,2.7583,0,0,0,1.6406,0.50286,3.8395,0,1.5422,7.9273,0.072123,0.74778,8.0183,0,1.7617,3.5476,5.0887,1.3945,1.578,0,9.4325,46.842,0.85304,4.3237,0.73946,1.6765,5.6859,18.584,0,1.5063,2.6094,0.42659,0.97063,0,21.557,4.9784,4.4052,24.002,1.0165,1.3385,1.5047,9.0058,0,3.5748,5.6288,12.121,23.488,1.8429,1.8124,6.9094,1.194,4.2841,21.898,20.004,23.134,21.071,1.594,0,1.9102,1.8773,0.73023,2.1312,1.0118,6.4419,1.7393,1.7557,8.0137,3.2013,7.6252,1.2067,1.9126,3.5793,3.2315,2.3794,1.925,6.8619,1.9597,1.823,1.6957,3.043,2.2614,0,2.2305,2.018,6.2582
1.5725,0.65373,0.64506,0.64567,0.62827,0.62547,0.61421,19.017,22.978,1.217,15.563,1.1971,1.1581,1.1596,1.04,33.843,45.483,4.6872,3.1241,0,0.48717,0.52032,9.3794,1.8507,1.021,8.6382,0.97824,1.1798,0,0,0,2.8691,0,0,0,1.6099,0.76005,3.5066,0,1.6477,8.4903,0.080943,16.274,9.3183,0,49.336,3.727,5.3555,1.439,35.458,0,9.6917,53.161,30.161,4.4255,0.78445,1.7134,5.902,37.935,0,14.896,2.6117,0.4595,15.815,0,27.314,4.0217,4.0217,25.563,2.2247,2.6572,2.0399,10.018,0,3.201,5.8112,13.419,25.213,2.1033,1.4965,7.2315,1.2579,4.4219,23.138,18.29,25.101,21.978,1.7753,0,2.0731,2.0743,0.7468,2.3371,2.3195,5.5537,1.8527,1.8499,9.4444,3.3363,8.415,2.9916,2.9144,3.9542,1.3484,2.5443,2.0799,7.2441,2.1342,1.8928,2.3056,1.2356,2.3679,0,2.4702,2.1686,6.5678
1.6855,0.66499,0.66017,3.1145,0.68347,29.773,0.66818,1.3045,0.6504,1.4741,0.60315,103.76,87.074,64.643,1.1819,1.0607,0.91857,0.93917,0.52148,0.48717,0,0.91271,5.3581,38.915,42.134,1.0201,0.99184,16.618,0,37.104,0,3.8136,0,1.5695,0,1.0571,30.843,4.0277,0,1.1274,6.3252,0.07249,0.74195,7.5549,0,1.3006,3.2273,5.5638,1.3073,0.86627,0,12.284,27.913,1.2437,5.5722,20.652,2.1642,8.3068,16.07,0,1.0284,1.6981,0.64451,1.4265,0,15.316,7.4285,5.248,31.618,1.3387,1.9488,16.686,11.251,0,1.9483,7.6411,13.598,29.127,1.7989,21.21,9.7081,1.3423,6.7406,31.428,39.022,26.835,34.275,0.86455,0,2.8589,1.5497,0.98901,2.5593,1.5067,4.1729,2.3036,2.6694,10.343,3.8893,7.0751,1.7006,2.9014,4.9564,1.093,2.5617,2.1302,9.1477,2.1128,2.9724,2.4174,1.3787,2.4708,0,1.942,1.5767,8.2974
104.04,30.456,9.2202,0.70389,30.053,0.69411,15.412,37.881,0.6515,41.508,0.59467,71.543,54.709,100.42,1.2839,16.276,1.0234,1.1154,0.98005,0.52032,0.91271,0,6.7504,2.288,1.2206,1.2309,20.761,2.5675,48.712,0,8.8592,2.9702,18.428,7.0592,0,1.1698,0.70916,3.5696,0,1.3162,5.5989,0.075132,1.3965,17.72,24.465,0.78003,3.9443,5.6591,2.0037,1.3824,0,9.9897,43.891,1.6427,4.1415,0.89856,1.4976,8.3639,13.891,0,1.1767,1.435,0.43811,1.8018,0,24.187,4.1722,4.195,31.468,1.5854,1.7469,1.7898,9.9355,0,2.1795,8.9538,15.566,32.482,2.4018,1.7,6.3578,0.93877,4.8192,27.15,23.225,31.315,24.469,0.63867,0,1.7497,1.8127,0.76012,2.7707,1.8492,4.9259,2.1747,2.2523,9.544,6.3623,9.0947,2.1188,2.9198,5.2331,1.7518,2.617,2.7513,8.577,2.3398,2.259,2.0669,1.1247,2.5789,0,2.168,1.8245,7.5585
7.1395,11.609,11.8,9.7913,11.238,9.8071,11.194,6.3703,35.865,6.757,73.553,5.8396,5.7274,5.8443,5.774,5.9543,38.946,5.2584,58.29,9.3794,5.3581,6.7504,0,1.4742,0.83037,0.91114,0.77671,2.1422,0,0,0,3.1074,0,0,0,13.569,0.42952,4.0087,0,1.3767,6.5362,0.029911,0.81697,4.5612,0,1.468,1.3496,4.3955,1.0642,1.0056,0,10.317,33.945,1.1007,1.7892,0.58734,1.5077,4.4256,19.434,0,1.3246,2.4265,0.33182,1.1849,0,20.101,4.113,3.28,20.463,0.97263,0.89057,1.3049,9.2177,0,3.1318,4.7867,9.7109,20.029,1.5856,1.286,4.0641,2.1617,3.9307,18.617,19.727,19.721,17.92,0.72258,0,1.1906,1.5316,0.77431,1.375,8.1296,5.772,1.4468,1.4687,8.3214,4.6101,4.7771,1.473,1.5966,3.8275,2.8264,1.1984,1.6404,5.8263,1.7246,1.5367,1.4385,2.0541,1.4995,0,1.9329,1.7277,5.31
1.6401,3.3414,3.1221,86.42,3.1142,93.21,2.9215,2.7167,2.5122,2.6768,2.1991,2.9085,2.7959,2.9561,2.262,2.0991,1.913,1.9328,1.7454,1.8507,38.915,2.288,1.4742,0,19.537,0.83503,0.82048,21.709,0,32.961,0,2.9093,0,0,0,0.86038,16.947,4.5285,0,0.93278,4.6958,0.04042,1.0193,7.0983,0,1.0146,2.6664,4.1821,1.2115,0.52984,0,7.0101,15.985,1.0855,4.9531,27.597,1.2653,4.3204,11.704,0,1.1063,1.1204,0.3727,1.2407,9.8097,16.223,2.9748,5.182,22.103,1.1146,1.3048,13.301,9.6255,0,1.9214,4.1142,11.166,20.913,1.3793,1.5741,7.2065,1.2496,5.9689,21.351,24.555,19.911,21.349,0.73819,0,1.5166,1.2905,0.44933,1.9654,1.3125,3.7583,2.0085,2.4509,8.7634,4.9704,5.6149,1.4774,1.9701,4.2579,1.3552,1.6559,2.1989,4.2025,2.4938,1.09,1.5716,1.3668,1.6883,0,1.5153,1.795,4.4675
0.89708,1.8623,1.7371,107.73,1.7391,104.56,1.6312,1.5124,1.4003,1.5348,1.2271,1.644,1.579,1.6794,1.2749,1.1861,1.0718,1.0763,0.97548,1.021,42.134,1.2206,0.83037,19.537,0,0.78414,0.76591,22.697,0,30.825,0,2.8495,0,0,5.1054,0.81443,18.486,4.3264,0,0.8751,4.851,0.038753,0.9429,6.7687,0,0.9666,2.5434,4.4859,1.0913,0.5624,0,6.1904,16.494,1.0377,4.4454,20.776,1.3533,4.1481,10.523,0,1.1396,1.0682,0.35968,1.1678,14.103,17.351,3.1816,4.8622,21.033,1.0602,1.24,4.1365,9.0619,0,1.7279,4.4003,10.232,19.863,1.3047,1.5261,6.7202,1.2775,5.4221,20.349,25.225,18.871,20.441,0.89904,1.7525,1.465,1.198,0.42743,1.7431,1.2368,3.5932,1.8452,2.2721,8.2542,5.0983,5.1474,1.3899,1.7989,3.7888,1.2923,1.6844,2.0982,4.4129,2.495,1.0368,1.6846,1.3048,1.6374,0,1.4318,1.7191,4.7782
2.1617,2.1325,67.155,1.5497,2.0396,1.5874,30.81,9.0598,15.479,1.7048,1.681,1.5554,1.5197,1.4623,1.4265,18.958,1.5328,12.347,1.2673,8.6382,1.0201,1.2309,0.91114,0.83503,0.78414,0,0.86975,1.5382,0,0,0,1.4989,0,0,0,1.2257,0.58963,40.331,0,1.4256,6.9787,0.072501,1.0535,8.5184,0,26.203,24.872,4.1379,1.1805,0.58052,0,5.2782,24.632,1.2059,3.1813,0.84256,1.3563,4.9061,16.768,0,1.2797,1.3301,0.37094,1.3262,0,21.511,2.2436,4.104,27.009,1.1715,1.3454,1.18,4.0241,0,3.1618,4.6893,11.099,26.738,1.9668,1.6546,5.6737,1.8534,3.5026,26.238,21.895,30.931,24.049,1.4536,0,1.7273,0.82398,0.41945,1.7252,1.4641,5.3598,1.341,1.3673,3.9126,3.4436,4.8332,1.5733,2.0121,2.6547,1.7737,2.1726,2.533,6.8319,2.0228,1.4317,1.3505,1.8345,1.428,0,1.0175,1.7809,6.9012
110.54,20.049,0.697,0.69887,15.325,0.67436,0.6671,22.278,0.65222,40.853,0.60217,65.16,86.948,31.906,1.3558,1.3398,1.038,1.1927,0.91501,0.97824,0.99184,20.761,0.77671,0.82048,0.76591,0.86975,0,1.881,6.0819,0,0,2.5365,1.5449,0,0,0.54565,0.68182,4.2692,0,1.0021,5.7169,0.071612,1.0255,8.8759,0,0.65808,3.4787,5.1682,1.5083,0.92614,0,8.5473,30.613,1.1443,3.4548,0.66969,1.9703,6.4295,13.183,0,0.93576,1.1394,0.41992,1.2688,0,22.44,3.4203,3.4203,26.257,1.1463,1.4751,1.6597,7.465,0,1.7539,6.9079,6.8153,27.201,1.9126,1.1962,6.3017,1.0717,4.5032,32.241,24.851,28.16,29.134,0.77677,0,1.3683,1.4707,0.61265,2.0772,1.3079,3.9658,1.5484,1.5777,7.2267,4.4158,5.0127,1.4831,2.5667,3.4058,1.5265,2.0105,2.0266,7.0617,1.7231,1.6058,2.0344,1.0289,1.9639,0,1.7713,3,6.1959
3.8529,1.633,1.62,1.6133,1.5538,14.879,1.519,3.0197,1.4969,3.1722,1.3712,42.57,25.885,84.355,2.6064,2.3419,2.0719,2.1232,1.1622,1.1798,16.618,2.5675,2.1422,21.709,22.697,1.5382,1.881,0,1.9065,38.797,6.2111,1.5062,0,12.093,0,0.79958,38.173,3.1735,0,0.87342,4.2954,0.050587,0.61374,7.0586,0,0.94322,2.6329,4.8772,1.2006,0.71156,0,9.421,22.195,0.99685,4.6561,7.9922,1.8947,5.393,9.395,0,0.82639,1.3288,0.39603,1.1371,0,18.706,4.6181,4.7059,22.852,1.0639,1.5498,17.324,8.9342,0,1.5453,6.5812,11.51,21.152,1.3134,1.9891,7.0161,0.85759,5.0042,22.951,26.55,19.662,23.536,0.60531,0,1.8448,1.1679,0.74438,2.2204,1.1976,3.4643,1.9083,2.2417,8.1477,2.3502,5.9064,1.3485,2.4456,4.0242,1.2353,1.5646,1.6142,6.8227,1.7189,2.2149,1.871,1.2464,2.3019,0,1.4034,1.8452,6.4455
0,8.4291,0,0,0,0,0,0,0,0,0,23.206,9.3459,57.057,0,0,0,0,0,0,0,48.712,0,0,0,0,6.0819,1.9065,0,0,5.637,2.3433,56.98,8.1252,0,0.87096,0.56682,3.529,0,0.93157,4.8824,0.057329,0.58639,8.1264,14.964,1.0671,3.0366,4.4446,1.1766,0.7586,0,7.9491,26.468,0.66506,23.716,0.77947,0.92623,5.7943,10.676,0,1.2054,1.3962,0.35793,0.75842,0,26.639,2.1776,4.5923,22.413,0.69153,1.0375,1.5071,8.1693,0,1.825,4.9648,11.719,22.003,1.5198,1.5901,5.8058,0.92186,3.7719,21.069,15.817,22.289,18.944,0.92326,0,1.6311,1.2643,0.60746,1.8276,0.86729,3.7239,2.5815,2.3293,6.9071,2.4772,8.106,0.94284,7.6981,31.068,1.6091,1.938,1.6629,6.2803,2.0301,2.1843,0.96143,1.3697,1.8928,0,1.5116,1.9215,5.6302
0,0,0,0,0,38.225,0,0,0,0,0,0,0,17.243,0,0,0,0,0,0,37.104,0,0,32.961,30.825,0,0,38.797,0,0,6.7774,2.5755,0,7.9392,0,0.81109,29.58,3.2078,0,0.8623,4.9484,0.055507,0.56708,6.6598,0,0.9871,2.6805,4.5932,1.0387,0.65937,4.3459,8.5662,22.791,0.69524,3.1302,10.396,0.94229,6.1624,9.5396,0,1.1429,0.9355,0.4165,0.77055,0,27.629,2.2154,5.3468,22.993,0.67129,0.87724,22.504,6.5527,3.6703,1.575,5.6362,10.81,21.646,1.3645,1.9883,5.57,1.0615,4.2821,23.013,29.246,20.568,21.414,0.68589,0,1.9661,1.1725,0.65806,1.943,0.88115,3.4663,1.5389,1.4572,6.0959,2.8189,7.4944,0.95791,1.7961,1.9855,1.6139,1.8823,1.5993,6.5877,2.5965,2.8112,0.92417,1.3522,1.9065,0,1.4324,1.5079,6.0497
0,0,0,0,0,0,0,0,0,0,0,0,0,9.8098,0,0,0,0,0,0,0,8.8592,0,0,0,0,0,6.2111,5.637,6.7774,0,2.4028,22.463,32.964,0,0.82196,8.4052,3.3481,0,0.88381,4.6866,0.055447,0.57833,7.7484,2.5767,0.99356,2.841,4.5338,1.1509,0.69361,13.385,8.1799,24.105,0.65661,3.6184,0.86095,0.94279,5.7518,9.9343,0,1.1226,1.3218,0.36708,0.74848,0,25.719,2.2166,4.8363,22.951,0.68206,1.0218,1.6929,7.1012,0,1.7333,5.2362,11.738,22.047,1.417,1.681,5.8934,0.91177,3.9776,22.424,25.583,21.552,19.97,0.65417,0,1.6925,1.2043,0.65883,10.243,0.85592,3.552,7.0753,2.6693,6.6636,2.4491,8.1566,0.93048,2.2612,3.9419,1.5222,1.7911,1.638,6.527,0.9368,2.4634,0.92401,1.2998,1.9603,0,1.4421,1.7832,5.884
28.46,5.1223,4.824,75.841,4.7846,6.0995,4.5108,2.4168,3.9673,2.2404,3.4775,2.1805,2.144,4.4399,2.0567,1.9897,3.0834,1.917,2.7583,2.8691,3.8136,2.9702,3.1074,2.9093,2.8495,1.4989,2.5365,1.5062,2.3433,2.5755,2.4028,0,2.2706,3.3248,0.77743,0.72435,0.54047,2.8486,27.902,0.78499,3.2807,0.037545,0.79793,4.3869,0,0.84976,1.7017,6.4447,0.91929,0.6527,0,21.783,20.63,0.87449,2.2929,0.70497,12.677,5.1934,7.1604,0,0.71753,1.1424,0.43353,0.98742,0,21.72,5.0048,5.0048,11.549,0.90571,1.2969,1.2233,4.0957,0,1.4296,6.2322,8.5568,11.14,0.78883,1.9612,9.9644,0.99058,3.8441,10.717,14.154,10.717,10.717,0.62837,0,2.2514,0.80568,0.98347,1.2306,1.0755,3.9688,1.2372,1.3432,4.8284,2.2638,4.3253,1.1845,1.3313,2.351,1.3824,1.0433,1.4375,6.0094,1.2852,1.5685,1.5388,1.1522,4.2774,0,0.96612,2.0353,6.5518
0,0,0,0,0,0,0,0,0,0,0,19.638,5.6741,54.184,0,0,0,0,0,0,0,18.428,0,0,0,0,1.5449,0,56.98,0,22.463,2.2706,0,14.972,0,0.51503,0.35694,4.9869,0,0.56418,3.9284,0.039799,1.0194,4.8995,29.683,0.61392,2.0191,5.829,0.65624,0.86646,0,10.565,27.582,1.0994,6.9829,0.77607,1.4372,3.9884,10.869,0,0.92915,1.0086,0.23953,1.233,0,19.096,3.4399,3.3161,21.624,1.14,1.538,2.1618,8.0938,0,1.1782,3.0867,6.1089,21.227,1.4657,1.3095,4.2356,1.294,5.1606,29.976,23.334,21.508,25.863,0.68762,0,1.133,1.2226,0.68565,0.89083,1.2409,4.6977,1.0712,1.023,10.372,3.6577,5.2032,1.4295,9.5957,4.3398,1.1676,1.6759,2.2747,6.862,2.5227,1.1206,1.6886,0.94436,1.3887,0,1.4568,2.8007,6.8462
0,0,0,0,0,0,0,0,0,0,0,0,0,7.7453,0,0,0,0,0,0,1.5695,7.0592,0,0,0,0,0,12.093,8.1252,7.9392,32.964,3.3248,14.972,0,0,1.101,4.4675,3.2911,0,1.1647,4.9831,0.04444,0.86755,5.2703,1.8152,1.3443,2.0279,4.456,1.12,0.62276,9.7213,8.0759,23.681,1.0288,3.39,0.88488,1.2628,4.8407,11.593,0,1.0364,1.3326,0.46706,1.16,0,21.086,2.9689,4.0151,30.705,1.0334,0.85176,1.743,6.9732,0,1.9178,4.106,12.954,29.526,1.9487,1.762,5.2327,1.0681,4.0394,29.601,25.65,28.74,27.182,0.6947,0,1.7001,1.5834,0.66038,32.898,1.1935,2.5043,2.06,2.6339,6.5407,3.882,5.6873,1.3581,2.1913,3.6539,1.6649,2.0625,1.608,5.6548,1.9636,2.5487,1.0561,1.6179,1.4453,0,1.8696,0.96432,4.4587
0,0,0,3.714,0,0,0,0,0,0,0,0,0,0,0,0,0,0,0,0,0,0,0,0,5.1054,0,0,0,0,0,0,0.77743,0,0,0,0.53846,0.45055,3.5528,0,0.60787,3.3232,0.029849,0.84961,4.1212,0,0.61846,1.5842,4.3278,1.0509,0.58129,0,7.0474,18.943,0.88487,3.2591,0.45016,12.12,3.7482,10.273,0,0.70604,1.1111,0.43631,1.0213,0,26.058,7.1656,8.28,18.523,0.96552,1.2895,2.0035,6.7793,0,1.6726,6.1027,6.7081,17.416,1.1471,0.81639,5.5456,0.96974,2.5684,17.659,17.295,16.381,17.917,0.66285,0,1.4844,1.1242,0.77125,1.4685,1.1059,3.7254,1.4386,1.5425,6.2082,2.8481,3.3813,1.2247,1.7846,3.2966,0.91258,1.1925,0.93367,5.2981,1.3175,2.0072,2.0787,0.89687,1.7161,0,1.293,1.8938,5.5706
2.0682,0.93783,0.927,0.92634,1.8852,0.9007,1.8987,48.623,45.427,1.5886,48.616,1.5148,1.4663,1.4539,1.3688,19.855,16.585,20.559,1.6406,1.6099,1.0571,1.1698,13.569,0.86038,0.81443,1.2257,0.54565,0.79958,0.87096,0.81109,0.82196,0.72435,0.51503,1.101,0.53846,0,0.45512,2.7881,0,15.668,32.028,0.052418,0.96603,3.6806,0,0.59292,2.5472,3.4989,0.96973,0.97662,0,6.4496,24.958,1.1199,2.8386,0.52849,1.4125,3.9212,13.408,0,0.88383,0.94742,0.29616,1.2272,0,18.354,2.667,2.667,20.709,1.0747,1.4271,1.258,5.8399,0,2.4116,4.7606,5.7856,20.193,1.2654,1.2664,4.4906,0.89728,3.6105,19.048,18.636,20.802,18.034,0.64592,0,1.0286,1.4462,0.48932,1.3653,1.4548,7.0968,1.1258,1.149,5.5915,3.09,3.7272,1.4764,1.5896,2.3427,2.0905,1.3562,1.3037,5.2635,1.2511,1.2092,1.3873,2.1598,1.4534,0,1.7034,1.756,5.3046
0.87377,1.281,1.2653,0.79284,1.2279,18.404,1.2004,1.1379,1.0593,1.1258,0.63393,1.0774,1.0586,9.3517,0.66923,0.95052,0.7931,0.83433,0.50286,0.76005,30.843,0.70916,0.42952,16.947,18.486,0.58963,0.68182,38.173,0.56682,29.58,8.4052,0.54047,0.35694,4.4675,0.45055,0.45512,0,2.9305,0,1.0276,4.1686,0.037775,0.83409,4.6547,0,1.1645,1.7509,4.2546,1.0927,0.52214,3.8159,7.8439,20.764,0.91516,2.8658,15.27,1.0628,4.1587,11.371,0,0.85627,0.70976,0.42082,1.0302,0,22.173,2.4987,4.2423,30.301,0.93836,0.88817,14.35,5.9808,3.0626,1.7961,3.4558,12.474,28.224,1.6909,1.6313,4.1893,0.9679,4.2053,29.84,23.127,26.663,28.223,0.62441,0,1.5298,1.3879,0.65428,1.8983,1.0765,2.3606,1.645,1.7303,5.5226,3.8836,4.9502,1.2129,0.89699,2.9716,1.4263,1.6748,1.4736,4.7411,1.6229,2.7249,0.91627,1.4223,1.4169,0,1.6392,0.91649,3.7526
10.404,39.865,22.055,6.3913,29.158,6.6184,18.318,29.956,4.7528,8.6952,4.421,8.321,8.1763,8.1275,7.9292,33.976,4.0912,40.23,3.8395,3.5066,4.0277,3.5696,4.0087,4.5285,4.3264,40.331,4.2692,3.1735,3.529,3.2078,3.3481,2.8486,4.9869,3.2911,3.5528,2.7881,2.9305,0,0.29032,1.2881,5.6697,18.081,0.74681,10.289,0,0.94061,35.14,2.3878,1.3395,0.62497,0,6.8009,29.334,0.96389,2.2917,0.63055,0.86875,5.727,15.434,0,0.99551,1.3733,0.38691,1.0724,0,15.472,2.7771,3.1211,22.224,0.88956,0.7528,0.75878,5.2917,0,1.6973,5.4626,12.359,22.335,1.4103,1.104,4.2476,1.1958,3.1038,17.036,16.486,19.882,15.836,0.807,0,1.1416,1.9822,0.51512,1.2535,1.1507,2.3844,1.5324,1.5481,4.7255,3.0414,4.4179,1.2606,1.3142,2.2889,0.87688,1.7363,1.8034,6.8031,1.2849,1.5856,0.85468,1.3143,1.3002,0,2.4534,0.89655,5.4871
30.91,0,0,30.966,0,0,0,0,0,0,0,0,0,0,0,0,0,0,0,0,0,0,0,0,0,0,0,0,0,0,0,27.902,0,0,0,0,0,0.29032,0,0.59008,3.7465,0.021947,0.72807,4.2452,0,0.69046,1.8726,3.6312,0.78282,0.5973,0,11.075,16.602,0.91302,2.2183,0.54381,2.1632,4.5152,8.9702,0,0.60964,0.78358,0.3007,0.98508,0,17.849,3.6007,5.1816,15.85,0.83302,0.87606,1.0626,4.373,0,1.2241,4.997,4.9105,14.819,1.1292,1.2403,30.483,0.8509,2.9883,14.701,15.105,13.742,16.097,0.53672,0,1.4212,1.0201,0.39231,1.3243,1.0836,2.7261,1.0288,1.1036,5.0706,4.834,2.4752,1.1882,1.4149,1.9693,0.77225,1.3306,1.2012,6.4028,1.0786,1.2527,1.4832,0.98457,0.95164,0,1.3055,1.42,6.1858
2.3036,2.2246,2.3349,1.7535,2.1097,1.7633,2.1209,67.188,2.4512,1.7911,2.0792,1.6494,1.6025,1.5706,1.5243,28.076,17.042,42.859,1.5422,1.6477,1.1274,1.3162,1.3767,0.93278,0.8751,1.4256,1.0021,0.87342,0.93157,0.8623,0.88381,0.78499,0.56418,1.1647,0.60787,15.668,1.0276,1.2881,0.59008,0,8.8914,0.033708,0.78408,3.4325,0,1.1852,1.7703,4.0401,0.5464,0.7771,0,5.6875,21.182,0.90071,2.3707,0.45965,1.2295,2.3121,10.75,0,0.70958,0.88421,0.20978,0.98648,0,15.831,2.3662,2.8427,18.616,0.86879,1.1518,1.0709,4.8598,0,2.7122,3.3294,5.3471,18.346,1.1274,1.0987,3.2121,1.723,2.5302,16.494,15.89,18.104,15.658,1.2054,0,1.1301,1.3527,0.42641,1.1534,1.1205,6.4944,0.96583,0.99328,4.6434,2.7781,3.257,1.1742,1.3301,2.0531,1.4897,1.184,1.507,4.7663,1.0646,1.0514,1.1897,1.4717,1.0479,0,1.6094,1.5145,4.5938
12.331,11.449,11.896,9.5254,10.737,9.6242,10.707,21.628,11.467,8.8133,10.314,8.8769,8.6535,8.3706,8.0609,10.29,10.594,10.388,7.9273,8.4903,6.3252,5.5989,6.5362,4.6958,4.851,6.9787,5.7169,4.2954,4.8824,4.9484,4.6866,3.2807,3.9284,4.9831,3.3232,32.028,4.1686,5.6697,3.7465,8.8914,0,2.8787,2.0506,3.9733,1.3734,1.6649,2.1969,2.9626,1.1754,0.6247,0.36053,5.4903,12.255,0.99287,2.3431,0.44462,0.97063,3.0043,9.8271,0,0.68957,0.99781,0.2246,1.0609,0,15.095,2.2588,2.2858,13.635,0.88775,0.96749,0.83404,4.4625,0,2.5786,3.9178,6.3863,13.299,1.2778,1.0401,3.1598,14.521,2.1572,14.479,15.2,15.123,14.137,0.86581,0,1.0699,1.5218,0.41276,0.90232,1.2513,28.102,1.1392,1.1581,4.1587,2.5185,2.8396,1.2787,1.1255,1.9727,1.3225,1.4625,1.145,3.9247,1.2631,1.2041,0.95571,1.8341,1.0122,0,1.7119,1.1159,3.5223
0.096652,30.136,0.12403,0.042632,0.12036,0.041022,0.11767,78.746,0.10689,0.089877,0.09261,0.078685,0.077204,0.073095,0.084222,0.098058,0.0832,0.09337,0.072123,0.080943,0.07249,0.075132,0.029911,0.04042,0.038753,0.072501,0.071612,0.050587,0.057329,0.055507,0.055447,0.037545,0.039799,0.04444,0.029849,0.052418,0.037775,18.081,0.021947,0.033708,2.8787,0,0.99249,5.4824,0,1.1924,17.234,3.6511,2.5428,0.52527,0,6.1962,20.337,1.0718,2.5258,0.34388,1.0571,4.4475,9.4239,0,0.66984,0.61164,0.31627,1.1805,0,17.452,3.1133,2.4402,17.191,1.0643,1.2415,1.086,6.455,0,1.488,3.5873,5.6604,17.281,1.8501,1.1271,4.404,1.0545,2.7227,15.264,18.285,17.394,14.34,0.6435,0,1.0697,1.7678,0.43379,0.96645,1.2161,3.3634,0.99228,1.0207,6.0763,3.1523,3.8008,1.3456,1.1101,2.4172,1.3878,1.4883,1.5537,4.6873,0.87453,1.0772,1.1423,1.3702,1.112,0,1.9904,1.4485,4.1675
2.2654,1.0258,1.0111,1.0131,0.98803,0.97897,0.96592,1.9404,0.94503,1.6984,0.87191,1.7782,1.699,1.7496,1.4268,1.6045,1.6397,1.4002,0.74778,16.274,0.74195,1.3965,0.81697,1.0193,0.9429,1.0535,1.0255,0.61374,0.58639,0.56708,0.57833,0.79793,1.0194,0.86755,0.84961,0.96603,0.83409,0.74681,0.72807,0.78408,2.0506,0.99249,0,5.0134,0,0.9275,1.8524,2.9042,0.7467,31.022,0,5.4175,21.759,0.55065,2.5278,0.46176,1.1805,3.0405,9.3851,0,22.981,0.79491,0.26308,0.6147,0,12.057,2.7715,2.3825,13.688,8.1166,9.3683,0.875,5.69,0,1.4456,3.2103,7.4693,13.368,1.0285,1.0727,3.6586,0.8293,2.4382,12.528,11.189,13.248,11.961,0.8258,0,1.0809,0.93903,0.41658,1.2452,0.70294,2.9532,1.0265,1.0282,5.1743,2.1904,4.1454,0.76418,1.1305,2.2506,1.5462,1.2755,1.0632,3.8523,1.1847,1.049,1.1713,1.1968,1.1789,0,1.1161,1.1405,3.5022
16.366,41.752,36.766,13.863,78.115,13.975,71.868,11.218,12.117,13.679,10.43,13.09,12.862,12.786,12.403,29.066,5.2341,10.676,8.0183,9.3183,7.5549,17.72,4.5612,7.0983,6.7687,8.5184,8.8759,7.0586,8.1264,6.6598,7.7484,4.3869,4.8995,5.2703,4.1212,3.6806,4.6547,10.289,4.2452,3.4325,3.9733,5.4824,5.0134,0,4.3443,4.9008,2.395,3.9353,2.8605,3.0434,3.2886,5.734,22.522,1.5573,2.0824,0.47186,1.0764,2.4941,8.9475,0,0.67879,0.56269,0.24361,1.1119,0,13.903,2.3411,2.8011,20.234,1.0663,1.3136,0.88231,6.8988,0,1.7055,4.2726,8.3993,20.535,25.331,0.94286,3.2096,0.93464,2.6161,14.869,14.853,18.273,13.599,0.62519,0,0.96233,1.4209,0.32412,1.132,1.18,3.7981,1.2934,1.3005,6.5902,3.3508,2.2134,1.3061,1.1574,2.5884,1.4432,1.3647,1.5874,6.1773,1.0858,1.3182,0.99305,1.1893,0.78622,0,1.5861,1.4742,4.9246
0,0,0,0,0,0,0,0,0,0,0,0,0,28.636,0,0,0,0,0,0,0,24.465,0,0,0,0,0,0,14.964,0,2.5767,0,29.683,1.8152,0,0,0,0,0,0,1.3734,0,0,4.3443,0,1.0151,1.7345,3.3033,0.79688,0.54033,0,5.9004,18.967,0.78832,2.9174,0.57271,1.0447,4.1398,8.2004,0,0.92957,1.0745,0.32596,0.84832,0,14.269,2.4859,2.6233,20.614,0.6953,0.62233,1.0993,6.1285,0,1.3267,4.962,12.15,20.12,1.3653,1.3766,4.1186,0.82521,2.7724,19.388,8.5975,20.153,10.137,0.53765,0,1.3435,1.1056,0.45815,1.7114,0.92158,2.1848,1.6493,1.6295,5.3531,3.6881,4.4867,1.0478,2.0141,3.9449,1.258,1.7765,1.0411,4.6036,0.94857,1.5456,1.0045,1.2134,1.0685,0,1.3928,1.4505,4.1104
2.6139,1.1152,1.104,1.1017,1.0654,1.0746,1.0415,2.7046,2.7172,1.9733,2.3471,1.8992,1.832,1.8171,1.6758,7.3729,0.85456,2.0252,1.7617,49.336,1.3006,0.78003,1.468,1.0146,0.9666,26.203,0.65808,0.94322,1.0671,0.9871,0.99356,0.84976,0.61392,1.3443,0.61846,0.59292,1.1645,0.94061,0.69046,1.1852,1.6649,1.1924,0.9275,4.9008,1.0151,0,2.3162,2.9005,0.90233,0.66433,0,5.2729,23.735,0.92535,2.4535,0.43359,0.931,3.3948,21.963,0,0.73272,0.7469,0.23552,1.0162,0,14.817,2.1698,2.1698,13.496,0.90679,1.235,1.0206,5.0558,0,1.6742,3.8504,4.6301,13.256,1.1219,0.81884,3.5994,0.7118,2.9154,15.684,15.261,17.579,11.631,0.50921,0,0.84114,1.232,0.3978,1.1098,1.0916,3.6888,0.92156,0.9368,4.8622,2.45,3.0812,1.1824,1.2967,1.8841,1.6447,1.1783,1.0864,3.7743,1.0281,0.98004,1.1077,1.2906,1.1573,0,1.4103,1.4542,3.4246
6.4144,34.323,31.662,5.7643,14.003,5.8469,5.7161,26.929,5.1804,5.361,4.5058,5.1304,5.0411,5.011,4.8888,25.031,4.1316,27.387,3.5476,3.727,3.2273,3.9443,1.3496,2.6664,2.5434,24.872,3.4787,2.6329,3.0366,2.6805,2.841,1.7017,2.0191,2.0279,1.5842,2.5472,1.7509,35.14,1.8726,1.7703,2.1969,17.234,1.8524,2.395,1.7345,2.3162,0,3.3804,1.3273,0.64442,0.76128,5.6724,24.581,1.0708,2.2014,0.45846,1.002,2.9609,12.631,0,0.83897,0.85034,0.24056,1.1732,0,15.153,2.3084,2.4793,17.575,1.0197,0.95162,0.85753,4.6251,0,1.4075,4.4137,7.7222,17.659,1.2144,0.97773,3.1869,1.3277,1.8019,13.987,15.7,16.25,13.056,0.85655,0,0.95338,1.6062,0.35464,0.98821,1.2112,3.1404,1.2246,1.2407,4.3619,3.2351,2.1676,1.3308,1.0588,2.4358,1.1164,0.89311,1.4491,5.3077,1.0759,1.2731,0.97457,1.4003,0.86026,0,1.9837,1.336,4.2975
12.761,10.398,9.5424,10.252,9.6752,20.043,8.9777,6.5991,7.5093,14.608,6.5175,11.424,11.225,10.778,10.886,6.1989,5.7874,5.4532,5.0887,5.3555,5.5638,5.6591,4.3955,4.1821,4.4859,4.1379,5.1682,4.8772,4.4446,4.5932,4.5338,6.4447,5.829,4.456,4.3278,3.4989,4.2546,2.3878,3.6312,4.0401,2.9626,3.6511,2.9042,3.9353,3.3033,2.9005,3.3804,0,4.2179,2.7858,2.6042,9.9183,21.889,0.72848,1.2466,0.51166,1.2289,4.4401,7.0104,0,0.58263,0.92834,0.41861,0.7952,0,13.313,3.8798,1.7324,22.899,0.71588,0.83283,1.0992,3.9455,0,0.88923,4.5374,9.3821,14.967,1.0097,0.76332,4.1474,0.80437,3.4614,16.897,16.755,14.398,9.0569,0.5132,0,0.69158,0.90662,0.53502,1.189,0.85673,2.6363,0.9654,1.3205,3.5325,3.1722,4.7514,0.94309,1.1557,1.8686,0.90861,1.0786,0.73855,8.242,1.0261,1.1136,1.2445,0.9241,1.5533,0,1.0821,1.3784,6.7512
3.035,2.9293,2.6409,2.2754,2.7117,2.3566,2.5058,2.5281,2.0356,62.187,1.772,2.0661,2.0641,1.9378,25.736,1.8231,0.84937,1.6977,1.3945,1.439,1.3073,2.0037,1.0642,1.2115,1.0913,1.1805,1.5083,1.2006,1.1766,1.0387,1.1509,0.91929,0.65624,1.12,1.0509,0.96973,1.0927,1.3395,0.78282,0.5464,1.1754,2.5428,0.7467,2.8605,0.79688,0.90233,1.3273,4.2179,0,0.64099,0,5.9686,24.285,0.87654,1.9161,0.4699,1.3578,8.2377,7.5981,0,0.60982,0.78295,0.26115,0.94423,0,13.741,2.4039,3.11,26.824,0.80622,0.87606,0.94626,4.4371,0,1.4656,3.6958,6.7036,26.796,1.2083,1.0677,3.3645,1.1214,2.7243,18.582,15.001,20.201,17.626,0.72895,0,1.23,1.0472,0.36584,1.2173,1.0198,2.7953,1.0175,1.1205,4.1617,3.5081,3.0493,1.1202,1.3713,2.4203,0.96567,1.2413,2.2156,6.4685,1.0313,1.1942,1.1906,1.2135,0.88741,0,1.2442,1.7259,6.058
1.0774,1.9098,2.0586,1.5299,1.8591,1.559,1.8885,1.8097,2.0063,0.78127,1.8758,0.84232,0.82924,0.80262,0.77308,1.2772,1.6061,1.3592,1.578,35.458,0.86627,1.3824,1.0056,0.52984,0.5624,0.58052,0.92614,0.71156,0.7586,0.65937,0.69361,0.6527,0.86646,0.62276,0.58129,0.97662,0.52214,0.62497,0.5973,0.7771,0.6247,0.52527,31.022,3.0434,0.54033,0.66433,0.64442,2.7858,0.64099,0,0.4919,6.3699,11.233,24.374,2.0425,0.43802,0.91953,3.6077,6.2819,0,20.695,1.2204,0.21237,14.263,0,11.921,2.1587,2.1399,9.1671,10.559,4.7767,1.0551,7.1524,0,1.6302,2.3247,6.3863,8.8429,0.79666,0.80404,2.869,0.8591,2.8734,10.927,11.674,10.927,10.927,0.74839,0,0.81747,0.86418,0.47721,0.65909,1.6517,2.8383,0.94154,0.8907,6.7994,2.2695,3.6387,1.6733,0.85457,1.9218,1.6174,1.078,0.7994,2.7133,1.1087,0.97571,1.0011,1.5209,1.112,0,0.97571,1.3056,2.5244
0,0,0,0,0,0,0,0,0,0,0,0,0,0,0,0,0,0,0,0,0,0,0,0,0,0,0,0,0,4.3459,13.385,0,0,9.7213,0,0,3.8159,0,0,0,0.36053,0,0,3.2886,0,0,0.76128,2.6042,0,0.4919,0,6.2812,17.104,0.74515,2.5723,0.63974,1.0646,4.0866,7.5385,0,0.82628,0.97476,0.33793,0.81421,0,14.915,2.5544,2.6673,20.323,0.66792,0.60586,1.2382,4.9029,0,1.2406,3.8395,8.7028,19.364,1.2451,1.5265,4.2131,0.78243,2.911,19.945,22.11,18.656,18.011,0.50484,0,1.4349,1.0338,0.47142,1.9122,0.86854,2.1679,1.4351,1.7528,4.5538,2.8825,4.5175,0.97632,1.7623,2.5891,1.1438,1.5254,1.1624,4.7149,0.94644,1.6088,1.0028,1.1202,1.0815,0,1.2891,0.82487,4.2501
9.65,17.533,16.51,24.432,16.391,20.778,15.451,8.4996,13.606,8.0608,11.916,8.4582,8.2998,8.4156,7.2927,7.1266,10.521,6.7757,9.4325,9.6917,12.284,9.9897,10.317,7.0101,6.1904,5.2782,8.5473,9.421,7.9491,8.5662,8.1799,21.783,10.565,8.0759,7.0474,6.4496,7.8439,6.8009,11.075,5.6875,5.4903,6.1962,5.4175,5.734,5.9004,5.2729,5.6724,9.9183,5.9686,6.3699,6.2812,0,18.104,3.9218,3.9857,5.6534,13.912,5.2097,5.9084,6.3824,2.073,2.4181,3.2979,1.3664,1.8083,17.521,1.7402,4.9862,9.0644,0.65738,0.77825,0.69124,3.7509,0.85222,1.0599,4.4781,6.2173,8.7439,0.61914,1.135,6.6444,0.73266,3.3515,9.6812,13.217,8.4115,9.6812,0.46328,0,1.5018,0.62351,0.49993,1.1774,0.79833,2.8105,0.70681,0.7967,3.5494,3.1767,3.1201,0.87623,1.2392,1.3141,0.84343,0.86398,1.0206,4.3682,0.94726,0.87275,0.92989,0.85332,1.63,0,0.75829,1.2963,4.8642
31.177,53.961,65.067,44.556,52.261,45.405,58.575,35.065,68.591,23.35,60.036,24.457,24.07,23.407,22.603,27.975,42.225,31.013,46.842,53.161,27.913,43.891,33.945,15.985,16.494,24.632,30.613,22.195,26.468,22.791,24.105,20.63,27.582,23.681,18.943,24.958,20.764,29.334,16.602,21.182,12.255,20.337,21.759,22.522,18.967,23.735,24.581,21.889,24.285,11.233,17.104,18.104,0,18.343,16.587,14.047,16.259,21.064,19.817,17.185,18.385,16.31,12.858,15.752,11.806,12.114,12.705,11.852,9.9175,15.363,15.477,15.458,18.796,12.616,14.164,9.5668,14.054,9.5668,21.467,11.687,10.849,14.024,14.353,12.517,12.222,12.865,11.798,13.946,10.66,11.101,13.302,10.673,8.8349,15.712,13.097,8.9176,8.1898,16.399,9.8048,14.887,10.999,9.5503,10.172,16.555,11.871,8.7926,7.012,9.748,7.2764,10.261,10.025,9.9474,8.4237,10.279,13.467,7.1232
2.5639,1.1902,1.1785,2.031,1.1365,2.0513,1.1111,2.2702,3.3618,1.8958,1.0029,1.9644,1.8828,1.9161,1.6053,1.8099,1.9091,1.6188,0.85304,30.161,1.2437,1.6427,1.1007,1.0855,1.0377,1.2059,1.1443,0.99685,0.66506,0.69524,0.65661,0.87449,1.0994,1.0288,0.88487,1.1199,0.91516,0.96389,0.91302,0.90071,0.99287,1.0718,0.55065,1.5573,0.78832,0.92535,1.0708,0.72848,0.87654,24.374,0.74515,3.9218,18.343,0,1.7189,0.50758,0.85,2.8968,8.4285,0,18.789,0.84907,0.21072,6.1434,0,11.062,2.3965,2.3225,11.888,0.56427,0.78117,0.76116,4.6088,0,1.4144,2.8224,5.9512,11.575,0.88631,0.90105,3.1776,0.66176,2.1436,10.871,10.721,11.388,10.474,0.66921,0,0.92358,0.84901,0.36797,0.82359,1.1284,2.6582,0.87368,0.88218,4.1899,1.7872,3.4594,0.69429,0.96023,1.2831,1.3172,1.2116,0.92371,3.3544,1.2921,0.91301,1.0052,1.0569,1.0216,0,0.98928,0.98143,3.0581
6.3935,20.941,8.0039,7.8351,8.0671,7.9965,7.7263,5.9569,6.1599,4.7786,5.4071,5.2884,5.0511,5.4173,3.9962,5.1509,4.6878,4.3871,4.3237,4.4255,5.5722,4.1415,1.7892,4.9531,4.4454,3.1813,3.4548,4.6561,23.716,3.1302,3.6184,2.2929,6.9829,3.39,3.2591,2.8386,2.8658,2.2917,2.2183,2.3707,2.3431,2.5258,2.5278,2.0824,2.9174,2.4535,2.2014,1.2466,1.9161,2.0425,2.5723,3.9857,16.587,1.7189,0,1.3678,0.94124,3.5485,7.3496,0.29033,0.89605,0.53036,0.27291,1.0835,0,12.727,2.2339,2.7075,13.267,0.63822,1.3276,0.98827,5.8308,0,1.1969,3.9874,8.7545,16.173,1.1324,1.0843,2.9532,0.74344,1.8241,12.546,12.358,15.865,11.853,0.6104,0,1.0527,0.96393,0.41806,1.2068,1.0828,2.0715,1.8831,1.7443,5.0416,2.3951,3.5309,0.96719,3.2584,3.4765,1.138,1.3383,0.98249,4.9169,14.381,1.4674,0.96938,1.0923,0.94558,0,1.1756,1.1018,4.2475
2.0412,1.0639,1.0179,2.144,1.0007,50.519,0.97826,1.6272,0.97077,1.5032,0.88305,1.7345,1.6657,1.7586,1.3269,1.1901,0.79154,1.1476,0.73946,0.78445,20.652,0.89856,0.58734,27.597,20.776,0.84256,0.66969,7.9922,0.77947,10.396,0.86095,0.70497,0.77607,0.88488,0.45016,0.52849,15.27,0.63055,0.54381,0.45965,0.44462,0.34388,0.46176,0.47186,0.57271,0.43359,0.45846,0.51166,0.4699,0.43802,0.63974,5.6534,14.047,0.50758,1.3678,0,1.046,1.7874,7.5224,0,0.52921,0.81407,0.15965,0.89727,0,21.059,2.5563,2.5542,16.879,0.81696,0.96112,10.062,4.8108,0,1.0041,3.6739,6.0997,15.958,1.0335,0.56044,3.0319,0.71323,3.8801,16.213,12.957,15.149,16.246,0.43865,0,0.57546,0.89942,0.69996,1.1665,0.91147,2.6505,1.4749,1.9365,4.062,2.7829,3.0421,1.0278,1.1763,2.7534,0.65214,0.90051,1.2122,3.789,1.0381,1.4142,1.2027,0.80825,0.97852,0,1.0596,1.2731,3.5216
3.5895,2.9633,2.9226,2.3949,2.79,2.8999,2.7275,2.7523,2.417,3.2786,2.1179,2.9259,2.8705,1.9335,2.7051,2.0832,2.4758,1.9204,1.6765,1.7134,2.1642,1.4976,1.5077,1.2653,1.3533,1.3563,1.9703,1.8947,0.92623,0.94229,0.94279,12.677,1.4372,1.2628,12.12,1.4125,1.0628,0.86875,2.1632,1.2295,0.97063,1.0571,1.1805,1.0764,1.0447,0.931,1.002,1.2289,1.3578,0.91953,1.0646,13.912,16.259,0.85,0.94124,1.046,0,2.567,5.7646,0.32622,0.391,0.67297,0.29943,0.80156,0,8.4526,5.2167,8.2231,12.41,0.72196,0.8417,0.84166,3.5102,0,0.87503,5.7641,7.2811,11.606,0.76181,0.92061,4.7871,0.67145,2.9974,11.611,11.949,10.81,12.7,0.37939,0,0.99689,0.7199,0.43501,0.83971,0.73396,2.1871,0.84001,0.9037,3.2463,2.8771,3.6298,0.93495,0.97107,1.5928,0.76412,0.82604,0.7742,4.5098,0.73802,0.98995,1.1871,0.7834,1.4259,0,0.86546,0.97012,3.6625
13.16,12.237,10.67,11.846,11.325,12.505,10.411,10.595,8.3621,58.073,7.2596,8.6313,8.2453,7.6223,9.3343,7.6523,6.5499,7.0581,5.6859,5.902,8.3068,8.3639,4.4256,4.3204,4.1481,4.9061,6.4295,5.393,5.7943,6.1624,5.7518,5.1934,3.9884,4.8407,3.7482,3.9212,4.1587,5.727,4.5152,2.3121,3.0043,4.4475,3.0405,2.4941,4.1398,3.3948,2.9609,4.4401,8.2377,3.6077,4.0866,5.2097,21.064,2.8968,3.5485,1.7874,2.567,0,6.7953,2.1518,1.1188,1.0896,0.9351,0.82642,0.37083,16.078,2.8607,2.2053,17.92,0.70873,0.79332,0.98938,3.9855,0,1.354,3.3413,7.6595,17.623,1.0936,1.0871,2.1379,0.97661,2.5325,15.033,17.836,15.919,13.965,0.64018,0,1.0459,0.9166,0.38348,0.85108,0.88989,3.084,0.8607,0.89508,3.7299,2.8166,3.6833,0.97714,0.96997,2.0346,0.86805,1.119,9.1813,4.8558,0.92889,0.95171,1.0457,1.0592,0.99927,0,1.0818,1.4502,4.1528
29.329,27.453,29.015,21.852,26.104,22.231,26.502,28.906,30.495,20.842,24.482,19.838,20.862,19.222,18.423,23.359,22.447,20.896,18.584,37.935,16.07,13.891,19.434,11.704,10.523,16.768,13.183,9.395,10.676,9.5396,9.9343,7.1604,10.869,11.593,10.273,13.408,11.371,15.434,8.9702,10.75,9.8271,9.4239,9.3851,8.9475,8.2004,21.963,12.631,7.0104,7.5981,6.2819,7.5385,5.9084,19.817,8.4285,7.3496,7.5224,5.7646,6.7953,0,5.8519,8.5193,11.295,5.2929,6.2801,4.5475,11.187,3.8207,5.4675,11.849,5.4055,5.4646,3.8591,3.2567,4.6977,5.981,4.2791,5.4721,11.599,5.1624,4.4463,3.6975,4.6318,3.5461,13.146,12.818,14.189,12.345,4.9294,3.4469,3.0573,4.5061,1.9931,2.8883,2.8571,3.9696,1.6808,1.7208,2.4774,2.0062,2.6278,1.0458,1.0935,1.568,1.3443,1.3513,1.0268,3.222,1.1104,0.92772,0.79388,1.1797,0.83215,0,1.2197,0.94707,3.0185
0,0,0,0,0,40.011,0,0,0,19.893,0,0,0,0,0,0,0,0,0,0,0,0,0,0,0,0,0,0,0,0,0,0,0,0,0,0,0,0,0,0,0,0,0,0,0,0,0,0,0,0,0,6.3824,17.185,0,0.29033,0,0.32622,2.1518,5.8519,0,0.49269,0.63029,5.3856,0.81976,0,13.538,3.9246,1.5113,14.183,0.69975,0.70444,1.0971,3.5672,0,1.1042,7.134,4.1142,12.937,0.80253,1.2014,3.7601,0.80827,9.605,13.194,13.893,11.703,18.184,0.51728,0,1.4804,0.73907,0.54751,0.57959,0.85634,2.5034,1.0854,1.1886,3.3038,3.3299,2.0738,0.94662,0.70428,2.0302,0.76697,0.86373,1.0858,6.0859,0.92102,1.3496,1.3236,0.91297,1.5411,0,0.88385,1.1702,6.2552
2.7294,2.2286,2.2922,1.6832,2.1075,1.7037,2.1513,1.5134,1.8025,1.9003,1.7917,2.1138,2.0334,2.0467,1.7165,1.0718,1.5196,1.2496,1.5063,14.896,1.0284,1.1767,1.3246,1.1063,1.1396,1.2797,0.93576,0.82639,1.2054,1.1429,1.1226,0.71753,0.92915,1.0364,0.70604,0.88383,0.85627,0.99551,0.60964,0.70958,0.68957,0.66984,22.981,0.67879,0.92957,0.73272,0.83897,0.58263,0.60982,20.695,0.82628,2.073,18.385,18.789,0.89605,0.52921,0.391,1.1188,8.5193,0.49269,0,1.0199,0.47367,26.239,0,12.514,1.4794,2.2209,11.132,18.341,11.226,0.7106,4.5777,0,1.1514,2.6318,5.2899,10.843,1.0906,0.68962,2.4757,0.9302,1.9884,11.17,12.528,11.685,10.756,0.44159,0,0.70103,0.96303,0.34047,0.77193,0.99362,2.3876,1.0615,1.0304,4.1179,2.1725,2.1303,1.9188,0.94531,1.8654,0.87718,1.2021,0.8682,3.2954,1.1147,1.0154,0.65316,0.9324,0.80481,0,1.118,0.91473,2.8465
2.6775,3.2805,3.3711,2.7302,3.1639,2.6752,3.1682,2.548,3.1059,2.0096,3.2192,2.0076,1.9297,1.947,1.6986,2.0633,1.3468,1.8122,2.6094,2.6117,1.6981,1.435,2.4265,1.1204,1.0682,1.3301,1.1394,1.3288,1.3962,0.9355,1.3218,1.1424,1.0086,1.3326,1.1111,0.94742,0.70976,1.3733,0.78358,0.88421,0.99781,0.61164,0.79491,0.56269,1.0745,0.7469,0.85034,0.92834,0.78295,1.2204,0.97476,2.4181,16.31,0.84907,0.53036,0.81407,0.67297,1.0896,11.295,0.63029,1.0199,0,0.5156,0.78688,0,11.832,1.7939,1.7939,10.641,0.6439,0.55396,0.67613,4.4508,0,1.3128,2.5337,4.0617,10.353,0.79691,0.52922,2.0428,0.7949,2.2964,11.184,11.717,11.632,10.884,0.33087,0,0.54517,0.77469,0.38521,0.72623,0.89983,3.1166,0.76469,0.77686,3.9441,2.0296,2.4379,0.97822,0.77838,1.5058,0.61345,0.86288,0.86209,3.0038,0.87497,0.81242,0.88244,0.78513,0.79037,0,0.91571,1.0072,2.742
1.0423,0.82871,0.77731,1.0049,0.76744,11.763,0.71962,0.75737,0.62763,62.028,0.54573,0.77085,0.77329,0.70031,1.4313,0.53949,0.47944,0.51905,0.42659,0.4595,0.64451,0.43811,0.33182,0.3727,0.35968,0.37094,0.41992,0.39603,0.35793,0.4165,0.36708,0.43353,0.23953,0.46706,0.43631,0.29616,0.42082,0.38691,0.3007,0.20978,0.2246,0.31627,0.26308,0.24361,0.32596,0.23552,0.24056,0.41861,0.26115,0.21237,0.33793,3.2979,12.858,0.21072,0.27291,0.15965,0.29943,0.9351,5.2929,5.3856,0.47367,0.5156,0,0.73084,0,17.999,2.912,2.6008,14.669,0.69865,0.82331,1.0032,4.2683,0,1.1258,4.0117,5.3166,13.517,0.85774,1.4601,4.143,0.65644,3.0396,13.477,12.797,12.326,17.691,0.43481,0,1.5239,0.85228,0.38567,0.84738,0.79883,2.5148,0.9485,0.93775,3.9098,2.6983,2.6799,0.8745,1.0614,1.5319,0.87036,0.82755,1.3189,4.0637,0.83036,0.92971,1.2926,0.7943,0.88271,2.8259,0.96171,1.3438,4.1335
2.8825,1.3456,1.3301,2.2995,1.2891,2.3201,1.2603,2.5214,1.2369,2.1426,1.1376,2.214,2.119,2.168,1.8024,2.017,2.1155,1.7947,0.97063,15.815,1.4265,1.8018,1.1849,1.2407,1.1678,1.3262,1.2688,1.1371,0.75842,0.77055,0.74848,0.98742,1.233,1.16,1.0213,1.2272,1.0302,1.0724,0.98508,0.98648,1.0609,1.1805,0.6147,1.1119,0.84832,1.0162,1.1732,0.7952,0.94423,14.263,0.81421,1.3664,15.752,6.1434,1.0835,0.89727,0.80156,0.82642,6.2801,0.81976,26.239,0.78688,0.73084,0,0.70311,9.7849,2.0978,1.9791,10.47,1.8405,0.70227,0.67287,4.0876,0,1.1857,2.4935,5.3948,10.182,0.77155,0.7966,2.7765,0.62534,1.8932,9.5754,9.4492,10.003,9.2383,0.60527,0,0.8042,0.72922,0.32551,0.72668,0.9572,2.3036,0.77148,0.77579,3.692,1.6716,2.9972,0.62158,0.84613,1.1918,1.1576,1.0194,0.80975,2.9492,0.871,0.80236,0.8755,0.91316,0.88995,0,0.85748,0.86055,2.6895
0,0,0,26.142,0,0,0,0,0,0,0,0,0,0,0,0,0,0,0,0,0,0,0,9.8097,14.103,0,0,0,0,0,0,0,0,0,0,0,0,0,0,0,0,0,0,0,0,0,0,0,0,0,0,1.8083,11.806,0,0,0,0,0.37083,4.5475,0,0,0,0,0.70311,0,20.556,3.7474,1.4587,10.705,0.5578,0.67075,0.96898,3.2704,0,1.0225,3.0983,6.2356,10.116,0.67861,0.76929,2.0617,0.5154,2.3675,10.103,10.682,9.5739,12.447,0.34042,0,0.75926,0.64114,22.299,1.0616,0.76795,1.9746,0.81584,0.92693,3.0003,3.147,3.0707,0.72423,1.029,1.5226,0.70889,0.74654,0.7939,3.0912,1.0095,1.2363,1.4263,0.7523,0.94538,0,0.77127,0.85283,2.8858
56.328,48.809,46.013,39.079,28.128,42.471,27.499,41.933,26.688,49.553,24.822,47.764,46.583,47.036,38.896,34.918,31.203,30.392,21.557,27.314,15.316,24.187,20.101,16.223,17.351,21.511,22.44,18.706,26.639,27.629,25.719,21.72,19.096,21.086,26.058,18.354,22.173,15.472,17.849,15.831,15.095,17.452,12.057,13.903,14.269,14.817,15.153,13.313,13.741,11.921,14.915,17.521,12.114,11.062,12.727,21.059,8.4526,16.078,11.187,13.538,12.514,11.832,17.999,9.7849,20.556,0,7.7929,23.379,14.833,9.498,7.5974,12.689,10.087,12.984,9.0855,12.93,12.137,13.927,12.036,18.722,11.414,8.6919,14.374,14.097,15.979,13.079,15.063,8.4331,16.094,16.209,10.36,9.8857,10.063,7.8713,7.3194,10.796,12.242,8.2504,12.99,10.112,7.1635,7.8728,8.3738,6.0689,9.5811,8.1335,8.7934,9.3671,7.8361,14.826,6.5564,8.5745,8.0058,8.0094,6.0887,8.4164
3.5667,7.2747,6.8629,7.348,6.8203,7.9504,6.4375,3.6004,7.1465,3.6158,6.2772,4.774,4.7001,4.5457,3.1567,3.1631,4.3826,2.9088,4.9784,4.0217,7.4285,4.1722,4.113,2.9748,3.1816,2.2436,3.4203,4.6181,2.1776,2.2154,2.2166,5.0048,3.4399,2.9689,7.1656,2.667,2.4987,2.7771,3.6007,2.3662,2.2588,3.1133,2.7715,2.3411,2.4859,2.1698,2.3084,3.8798,2.4039,2.1587,2.5544,1.7402,12.705,2.3965,2.2339,2.5563,5.2167,2.8607,3.8207,3.9246,1.4794,1.7939,2.912,2.0978,3.7474,7.7929,0,25.5,8.0327,1.417,1.4338,1.4849,3.2364,1.5023,1.1449,4.8636,5.1117,7.7486,0.54867,0.85282,4.0806,0.61151,1.843,10.124,10.956,9.8532,7.4541,0.38653,0,1.1845,0.53221,0.40106,0.78532,0.77191,2.2964,0.78182,0.83317,2.9852,2.7687,2.5539,0.85253,0.8995,1.4756,0.80462,0.60154,0.83143,3.8949,0.68042,0.91269,1.2185,0.81316,1.0674,0,0.67198,1.112,4.0984
12.125,7.2747,6.8629,7.6489,6.8203,8.429,6.4375,8.5572,6.1752,8.8221,5.4675,7.5178,7.3777,7.2765,7.7154,6.1516,4.3826,6.0366,4.4052,4.0217,5.248,4.195,3.28,5.182,4.8622,4.104,3.4203,4.7059,4.5923,5.3468,4.8363,5.0048,3.3161,4.0151,8.28,2.667,4.2423,3.1211,5.1816,2.8427,2.2858,2.4402,2.3825,2.8011,2.6233,2.1698,2.4793,1.7324,3.11,2.1399,2.6673,4.9862,11.852,2.3225,2.7075,2.5542,8.2231,2.2053,5.4675,1.5113,2.2209,1.7939,2.6008,1.9791,1.4587,23.379,25.5,0,14.808,1.264,1.1957,1.6315,3.9772,1.5868,1.3322,1.9884,5.1117,13.61,0.85406,0.85282,3.4396,0.61151,3.6905,11.728,11.001,10.945,15.168,0.38653,0,0.86172,0.77741,0.5207,0.78195,0.75814,1.9916,0.82136,0.94938,3.627,3.8691,3.2892,0.83088,0.83428,1.4986,0.6976,0.91336,1.0413,2.6512,0.98862,1.1357,1.4021,0.81316,1.3282,0,0.91812,0.88304,2.1592
21.36,50.959,46.373,44.586,47.979,48.179,44.194,54.323,35.756,18.227,30.938,24.452,25.632,38.601,23.429,38.999,33.408,37.093,24.002,25.563,31.618,31.468,20.463,22.103,21.033,27.009,26.257,22.852,22.413,22.993,22.951,11.549,21.624,30.705,18.523,20.709,30.301,22.224,15.85,18.616,13.635,17.191,13.688,20.234,20.614,13.496,17.575,22.899,26.824,9.1671,20.323,9.0644,9.9175,11.888,13.267,16.879,12.41,17.92,11.849,14.183,11.132,10.641,14.669,10.47,10.705,14.833,8.0327,14.808,0,10.196,10.316,11.23,8.0956,16.236,12.024,12.629,17.722,21.54,15.046,17.361,13.577,9.371,11.663,21.695,18.093,17.621,19.69,9.2115,13.104,15.015,12.718,8.8487,13.186,8.2715,8.4838,6.4031,9.051,12.138,10.03,15.203,7.5577,11.535,8.6343,7.6416,9.777,14.863,15.288,7.9874,7.7499,7.9637,6.9565,7.8601,8.3104,9.6762,16.792,13.646
2.6036,2.7924,1.4499,2.0956,2.5336,2.115,1.341,2.219,1.3287,1.9391,1.2105,2.0268,1.9353,1.9966,1.6257,1.8101,1.8587,1.5847,1.0165,2.2247,1.3387,1.5854,0.97263,1.1146,1.0602,1.1715,1.1463,1.0639,0.69153,0.67129,0.68206,0.90571,1.14,1.0334,0.96552,1.0747,0.93836,0.88956,0.83302,0.86879,0.88775,1.0643,8.1166,1.0663,0.6953,0.90679,1.0197,0.71588,0.80622,10.559,0.66792,0.65738,15.363,0.56427,0.63822,0.81696,0.72196,0.70873,5.4055,0.69975,18.341,0.6439,0.69865,1.8405,0.5578,9.498,1.417,1.264,10.196,0,3.5718,0.66,4.1863,0.57345,1.0777,2.4343,5.5827,9.9754,0.75399,0.78221,2.7045,0.65874,1.8478,9.3836,9.0131,9.8222,9.0238,0.5924,0,0.78755,0.69646,0.32021,0.71516,0.66029,2.1963,0.7619,0.76167,3.7507,1.7412,2.9575,0.71781,0.83728,1.2311,1.1404,0.94061,0.78973,2.8804,1.1411,0.78332,0.85588,0.88188,0.86568,0,0.82585,0.84327,2.6239
3.0359,1.9245,1.9201,2.8014,1.8106,2.792,1.7701,2.5403,1.7562,2.2588,1.5978,2.385,2.2739,2.3579,1.8904,2.4508,2.4242,2.0857,1.3385,2.6572,1.9488,1.7469,0.89057,1.3048,1.24,1.3454,1.4751,1.5498,1.0375,0.87724,1.0218,1.2969,1.538,0.85176,1.2895,1.4271,0.88817,0.7528,0.87606,1.1518,0.96749,1.2415,9.3683,1.3136,0.62233,1.235,0.95162,0.83283,0.87606,4.7767,0.60586,0.77825,15.477,0.78117,1.3276,0.96112,0.8417,0.79332,5.4646,0.70444,11.226,0.55396,0.82331,0.70227,0.67075,7.5974,1.4338,1.1957,10.316,3.5718,0,0.66842,4.5847,0.50984,1.0694,2.4556,6.4063,10.097,0.76131,0.79485,2.7288,0.66789,1.8636,9.0913,7.0904,9.0913,9.0913,0.58354,0,0.79865,0.69623,0.37792,0.72678,1.0002,1.9299,0.77804,0.77323,4.0174,1.8234,2.9144,0.82168,0.85544,1.5484,1.1871,0.83967,0.79681,2.9093,0.98914,0.79057,0.86696,1.0565,0.80143,0,1.0093,0.85445,2.6478
1.874,3.0193,2.7909,4.0442,2.8065,6.7057,2.614,1.8819,2.2104,2.048,1.9208,1.7259,1.6926,1.7293,1.7098,1.771,2.2624,1.5554,1.5047,2.0399,16.686,1.7898,1.3049,13.301,4.1365,1.18,1.6597,17.324,1.5071,22.504,1.6929,1.2233,2.1618,1.743,2.0035,1.258,14.35,0.75878,1.0626,1.0709,0.83404,1.086,0.875,0.88231,1.0993,1.0206,0.85753,1.0992,0.94626,1.0551,1.2382,0.69124,15.458,0.76116,0.98827,10.062,0.84166,0.98938,3.8591,1.0971,0.7106,0.67613,1.0032,0.67287,0.96898,12.689,1.4849,1.6315,11.23,0.66,0.66842,0,2.4746,1.0691,1.035,4.1139,6.1319,10.649,0.70091,1.1051,2.5959,0.60321,1.49,10.884,11,10.107,10.797,0.38408,0,1.0232,0.64391,0.40721,1.0986,0.79214,2.0254,1.0104,1.1896,2.5034,2.2808,3.0453,0.74711,1.1128,1.771,0.82416,0.76559,0.6076,4.2205,0.91686,1.6455,0.98379,0.82099,0.83539,0,0.77089,0.92025,3.8988
15.882,17.915,19.799,17.493,18.101,17.507,16.881,6.4453,13.384,12.011,11.564,13.255,12.54,13.493,9.9771,5.797,10.004,5.2443,9.0058,10.018,11.251,9.9355,9.2177,9.6255,9.0619,4.0241,7.465,8.9342,8.1693,6.5527,7.1012,4.0957,8.0938,6.9732,6.7793,5.8399,5.9808,5.2917,4.373,4.8598,4.4625,6.455,5.69,6.8988,6.1285,5.0558,4.6251,3.9455,4.4371,7.1524,4.9029,3.7509,18.796,4.6088,5.8308,4.8108,3.5102,3.9855,3.2567,3.5672,4.5777,4.4508,4.2683,4.0876,3.2704,10.087,3.2364,3.9772,8.0956,4.1863,4.5847,2.4746,0,3.587,3.3005,4.1021,6.7506,7.8539,2.1242,3.473,2.9828,2.6011,2.1457,13.626,11.052,7.5553,12.333,2.6809,2.0341,2.5552,1.5508,1.2878,1.8148,1.3846,2.6455,1.2289,1.1242,6.5285,1.9221,2.6233,0.89088,1.0521,1.8482,1.0429,0.9532,1.0908,3.9793,1.1335,1.0434,0.76763,0.89578,0.77587,0,0.68111,0.93744,3.5421
0,0,0,0,0,0,0,0,0,0,0,0,0,0,0,0,0,0,0,0,0,0,0,0,0,0,0,0,0,3.6703,0,0,0,0,0,0,3.0626,0,0,0,0,0,0,0,0,0,0,0,0,0,0,0.85222,12.616,0,0,0,0,0,4.6977,0,0,0,0,0,0,12.984,1.5023,1.5868,16.236,0.57345,0.50984,1.0691,3.587,0,0.89955,3.2016,6.6519,15.275,0.97825,1.3086,2.6936,0.6165,2.5487,16.266,18.081,14.371,15.602,0.39389,0,1.2112,0.82239,0.39327,1.3583,0.68062,1.7718,0.97199,1.0987,3.2976,2.5342,3.3532,0.75518,1.1823,1.7557,0.59014,1.0628,0.89316,3.7364,0.76687,1.4092,0.81176,0.84275,0.88151,0,0.96131,0.67516,3.4508
5.6178,4.0263,4.2047,3.2412,3.8188,3.2432,3.8339,5.5588,4.069,4.6197,4.7092,4.2164,4.0936,3.0261,3.8351,4.6758,1.7124,4.4523,3.5748,3.201,1.9483,2.1795,3.1318,1.9214,1.7279,3.1618,1.7539,1.5453,1.825,1.575,1.7333,1.4296,1.1782,1.9178,1.6726,2.4116,1.7961,1.6973,1.2241,2.7122,2.5786,1.488,1.4456,1.7055,1.3267,1.6742,1.4075,0.88923,1.4656,1.6302,1.2406,1.0599,14.164,1.4144,1.1969,1.0041,0.87503,1.354,5.981,1.1042,1.1514,1.3128,1.1258,1.1857,1.0225,9.0855,1.1449,1.3322,12.024,1.0777,1.0694,1.035,3.3005,0.89955,0,2.7588,5.7145,11.82,0.96682,0.61295,2.6243,0.76865,1.6057,9.0421,8.8112,9.445,8.8184,0.76083,0,0.6312,1.0849,0.30392,0.77507,0.92568,1.6688,0.70079,0.75803,3.0494,1.7381,2.2331,0.92515,0.88943,1.5939,1.0855,0.88103,0.85753,3.3048,0.74681,0.80586,0.59757,4.9123,0.74855,0,1.2394,0.64498,2.9873
13.092,11.071,10.32,12.548,9.8215,12.252,9.5286,9.6884,8.2048,11.716,7.1607,13.412,13.179,12.655,9.4202,7.5368,7.8515,6.7183,5.6288,5.8112,7.6411,8.9538,4.7867,4.1142,4.4003,4.6893,6.9079,6.5812,4.9648,5.6362,5.2362,6.2322,3.0867,4.106,6.1027,4.7606,3.4558,5.4626,4.997,3.3294,3.9178,3.5873,3.2103,4.2726,4.962,3.8504,4.4137,4.5374,3.6958,2.3247,3.8395,4.4781,9.5668,2.8224,3.9874,3.6739,5.7641,3.3413,4.2791,7.134,2.6318,2.5337,4.0117,2.4935,3.0983,12.93,4.8636,1.9884,12.629,2.4343,2.4556,4.1139,4.1021,3.2016,2.7588,0,7.4858,11.664,2.5573,3.2451,2.4151,2.0928,23.238,14.648,12.573,13.152,14.636,1.206,1.2262,2.0748,1.2644,0.92996,0.5349,0.66115,1.9681,1.0215,1.0864,3.46,9.4573,3.7916,0.72673,0.66629,1.8928,0.68956,0.7777,1.1082,2.9564,0.86939,0.88544,1.3239,0.70376,1.2724,0,0.81732,0.85459,3.5224
25.906,23.89,21.648,20.652,22.045,19.794,22.507,22.617,18.158,20.58,15.688,18.587,21.486,18.096,16.732,16.768,8.2604,15.301,12.121,13.419,13.598,15.566,9.7109,11.166,10.232,11.099,6.8153,11.51,11.719,10.81,11.738,8.5568,6.1089,12.954,6.7081,5.7856,12.474,12.359,4.9105,5.3471,6.3863,5.6604,7.4693,8.3993,12.15,4.6301,7.7222,9.3821,6.7036,6.3863,8.7028,6.2173,14.054,5.9512,8.7545,6.0997,7.2811,7.6595,5.4721,4.1142,5.2899,4.0617,5.3166,5.3948,6.2356,12.137,5.1117,5.1117,17.722,5.5827,6.4063,6.1319,6.7506,6.6519,5.7145,7.4858,0,17.812,5.942,6.1262,4.3094,4.1023,5.2518,19.825,14.885,18.337,16.544,3.8565,4.9799,4.4272,4.3652,2.8621,4.5529,3.0679,3.5152,2.5924,2.6521,4.5252,3.3013,6.5285,1.6991,2.4348,1.8035,1.9405,2.1358,3.3033,5.6355,0.93065,0.92113,1.1355,0.81715,0.81583,0.9963,0.94447,18.974,5.3606
23.284,51.029,46.191,41.77,48.217,43.588,44.21,53.824,35.18,20.99,30.378,40.842,42.103,38.109,23.023,38.831,32.709,36.65,23.488,25.213,29.127,32.482,20.029,20.913,19.863,26.738,27.201,21.152,22.003,21.646,22.047,11.14,21.227,29.526,17.416,20.193,28.224,22.335,14.819,18.346,13.299,17.281,13.368,20.535,20.12,13.256,17.659,14.967,26.796,8.8429,19.364,8.7439,9.5668,11.575,16.173,15.958,11.606,17.623,11.599,12.937,10.843,10.353,13.517,10.182,10.116,13.927,7.7486,13.61,21.54,9.9754,10.097,10.649,7.8539,15.275,11.82,11.664,17.812,0,15.256,15.99,12.55,9.1612,9.8219,21.047,16.154,18.694,17.105,9.0354,12.167,13.758,12.663,8.4037,12.507,8.0592,8.2899,8.8383,8.6364,6.8307,9.2425,12.223,7.3669,11.07,8.3363,7.4723,9.9817,14.939,12.826,7.7281,7.3412,7.4724,6.7851,7.378,7.7601,9.593,16.29,12.013
4.0557,3.974,7.4922,2.6996,33.96,2.8056,54.267,1.3362,2.844,3.0508,2.4281,2.9101,2.8617,2.6668,2.4547,6.0316,2.1618,2.5013,1.8429,2.1033,1.7989,2.4018,1.5856,1.3793,1.3047,1.9668,1.9126,1.3134,1.5198,1.3645,1.417,0.78883,1.4657,1.9487,1.1471,1.2654,1.6909,1.4103,1.1292,1.1274,1.2778,1.8501,1.0285,25.331,1.3653,1.1219,1.2144,1.0097,1.2083,0.79666,1.2451,0.61914,21.467,0.88631,1.1324,1.0335,0.76181,1.0936,5.1624,0.80253,1.0906,0.79691,0.85774,0.77155,0.67861,12.036,0.54867,0.85406,15.046,0.75399,0.76131,0.70091,2.1242,0.97825,0.96682,2.5573,5.942,15.256,0,0.92121,2.9286,0.82154,1.9327,14.542,13.003,19.375,12.817,0.58039,0,0.90555,0.84191,0.25245,0.90098,0.71116,2.2287,0.73851,0.74468,2.4602,1.8862,2.7791,0.78544,1.039,1.4435,0.78834,0.69773,1.4306,3.713,1.0274,0.77657,0.73505,0.79228,0.77192,0,0.96946,1.0407,3.7139
3.5634,2.1889,2.1402,1.8621,2.1378,2.0372,2.09,3.2504,2.0282,3.391,1.8865,26.675,53.245,3.3725,3.0542,2.6874,2.279,2.3433,1.8124,1.4965,21.21,1.7,1.286,1.5741,1.5261,1.6546,1.1962,1.9891,1.5901,1.9883,1.681,1.9612,1.3095,1.762,0.81639,1.2664,1.6313,1.104,1.2403,1.0987,1.0401,1.1271,1.0727,0.94286,1.3766,0.81884,0.97773,0.76332,1.0677,0.80404,1.5265,1.135,11.687,0.90105,1.0843,0.56044,0.92061,1.0871,4.4463,1.2014,0.68962,0.52922,1.4601,0.7966,0.76929,18.722,0.85282,0.85282,17.361,0.78221,0.79485,1.1051,3.473,1.3086,0.61295,3.2451,6.1262,15.99,0.92121,0,3.5818,0.59141,4.2232,16.876,17.262,14.339,20.379,0.37583,0,9.2192,0.79217,0.36615,0.79957,0.75078,1.6204,1.0208,1.0338,3.4987,3.3031,3.4291,0.83376,0.91787,1.5796,0.79094,0.97576,0.89761,3.8093,0.79794,0.92944,1.2104,0.68556,0.94803,0,0.92593,0.62156,3.0082
16.65,13.076,12.321,15.64,12.111,15.033,11.492,12.131,10.452,13.185,9.1508,11.879,11.802,10.638,12.047,8.6401,7.9796,8.5383,6.9094,7.2315,9.7081,6.3578,4.0641,7.2065,6.7202,5.6737,6.3017,7.0161,5.8058,5.57,5.8934,9.9644,4.2356,5.2327,5.5456,4.4906,4.1893,4.2476,30.483,3.2121,3.1598,4.404,3.6586,3.2096,4.1186,3.5994,3.1869,4.1474,3.3645,2.869,4.2131,6.6444,10.849,3.1776,2.9532,3.0319,4.7871,2.1379,3.6975,3.7601,2.4757,2.0428,4.143,2.7765,2.0617,11.414,4.0806,3.4396,13.577,2.7045,2.7288,2.5959,2.9828,2.6936,2.6243,2.4151,4.3094,12.55,2.9286,3.5818,0,2.1923,3.499,12.589,10.011,11.472,14.155,1.6801,1.9769,2.514,2.0505,1.2615,1.182,1.1924,2.1461,0.82447,0.89193,3.2225,2.9657,2.346,0.774,0.73464,1.3516,0.74085,0.73056,0.97152,3.0871,0.71329,1.0165,0.8635,0.75264,4.4396,0,0.86488,0.96146,2.9301
3.3736,1.7109,1.7056,1.6906,1.6122,1.6738,1.5762,3.808,1.5623,2.4098,1.4228,2.3877,2.3255,2.2476,2.1269,2.8068,19.854,2.8864,1.194,1.2579,1.3423,0.93877,2.1617,1.2496,1.2775,1.8534,1.0717,0.85759,0.92186,1.0615,0.91177,0.99058,1.294,1.0681,0.96974,0.89728,0.9679,1.1958,0.8509,1.723,14.521,1.0545,0.8293,0.93464,0.82521,0.7118,1.3277,0.80437,1.1214,0.8591,0.78243,0.73266,14.024,0.66176,0.74344,0.71323,0.67145,0.97661,4.6318,0.80827,0.9302,0.7949,0.65644,0.62534,0.5154,8.6919,0.61151,0.61151,9.371,0.65874,0.66789,0.60321,2.6011,0.6165,0.76865,2.0928,4.1023,9.1612,0.82154,0.59141,2.1923,0,2.0088,8.5708,8.488,8.9484,8.3753,0.31172,0,0.60865,0.88477,0.29218,0.62335,0.65431,7.873,0.7592,0.7763,2.8499,1.4285,2.5849,0.71131,0.70886,1.0796,0.83232,0.94549,0.75082,2.6767,0.83222,0.81104,0.67206,0.63656,0.81285,0,1.0942,0.76876,2.4453
6.9283,11.717,11.193,10.487,7.7374,11.534,7.2594,7.2821,6.25,6.0446,5.453,4.5338,4.4466,4.5396,6.0006,5.4734,6.1193,5.0033,4.2841,4.4219,6.7406,4.8192,3.9307,5.9689,5.4221,3.5026,4.5032,5.0042,3.7719,4.2821,3.9776,3.8441,5.1606,4.0394,2.5684,3.6105,4.2053,3.1038,2.9883,2.5302,2.1572,2.7227,2.4382,2.6161,2.7724,2.9154,1.8019,3.4614,2.7243,2.8734,2.911,3.3515,14.353,2.1436,1.8241,3.8801,2.9974,2.5325,3.5461,9.605,1.9884,2.2964,3.0396,1.8932,2.3675,14.374,1.843,3.6905,11.663,1.8478,1.8636,1.49,2.1457,2.5487,1.6057,23.238,5.2518,9.8219,1.9327,4.2232,3.499,2.0088,0,9.5101,12.068,9.5101,12.361,1.1612,1.7666,1.993,1.2019,0.67381,1.0134,0.63693,1.9987,0.67539,0.78262,2.6415,7.4246,2.901,0.69966,0.99854,1.0539,0.6639,0.73689,0.83975,4.3226,0.77462,1.1796,0.62925,0.6778,0.71122,0,0.7533,0.95664,3.6372
32.29,37.229,36.624,38.907,37.289,41.416,36.454,54.173,32.441,25.521,28.14,14.675,10.721,15.32,31.418,43.664,34.594,38.762,21.898,23.138,31.428,27.15,18.617,21.351,20.349,26.238,32.241,22.951,21.069,23.013,22.424,10.717,29.976,29.601,17.659,19.048,29.84,17.036,14.701,16.494,14.479,15.264,12.528,14.869,19.388,15.684,13.987,16.897,18.582,10.927,19.945,9.6812,12.517,10.871,12.546,16.213,11.611,15.033,13.146,13.194,11.17,11.184,13.477,9.5754,10.103,14.097,10.124,11.728,21.695,9.3836,9.0913,10.884,13.626,16.266,9.0421,14.648,19.825,21.047,14.542,16.876,12.589,8.5708,9.5101,0,19.407,18.529,19.754,8.4026,12.882,14.4,11.129,8.4183,12.73,7.6485,6.3246,6.0146,8.7458,11.162,9.8408,17.753,6.9929,11.185,8.239,7.0179,10.408,10.033,7.8357,7.5812,7.4664,7.6745,6.3955,7.3122,7.6025,8.4749,5.3859,6.3092
37.314,26.729,26.139,46.498,26.102,50.372,25.518,44.017,24.765,15.885,23.034,24.16,18.963,23.005,38.132,35.974,30.702,31.129,20.004,18.29,39.022,23.225,19.727,24.555,25.225,21.895,24.851,26.55,15.817,29.246,25.583,14.154,23.334,25.65,17.295,18.636,23.127,16.486,15.105,15.89,15.2,18.285,11.189,14.853,8.5975,15.261,15.7,16.755,15.001,11.674,22.11,13.217,12.222,10.721,12.358,12.957,11.949,17.836,12.818,13.893,12.528,11.717,12.797,9.4492,10.682,15.979,10.956,11.001,18.093,9.0131,7.0904,11,11.052,18.081,8.8112,12.573,14.885,16.154,13.003,17.262,10.011,8.488,12.068,19.407,0,14.527,16.07,8.2988,11.57,12.77,10.541,8.5574,9.6661,7.5829,6.8754,8.7045,11.112,8.8831,11.056,13.381,6.9213,8.8479,8.8831,5.7008,10.884,9.3444,11.194,5.8093,9.6875,7.9305,6.3394,7.5024,7.7899,8.2883,5.7194,9.0432
40.478,36.073,34.236,38.728,36.86,40.429,36.454,54.173,34.77,29.953,29.996,42.692,43.708,38.689,31.578,45.568,38.011,43.026,23.134,25.101,26.835,31.315,19.721,19.911,18.871,30.931,28.16,19.662,22.289,20.568,21.552,10.717,21.508,28.74,16.381,20.802,26.663,19.882,13.742,18.104,15.123,17.394,13.248,18.273,20.153,17.579,16.25,14.398,20.201,10.927,18.656,8.4115,12.865,11.388,15.865,15.149,10.81,15.919,14.189,11.703,11.685,11.632,12.326,10.003,9.5739,13.079,9.8532,10.945,17.621,9.8222,9.0913,10.107,7.5553,14.371,9.445,13.152,18.337,18.694,19.375,14.339,11.472,8.9484,9.5101,18.529,14.527,0,14.855,8.8836,11.365,12.597,12.501,7.991,12.041,7.8892,6.3246,8.6116,8.3171,6.6138,8.5361,11.835,7.2368,10.891,8.1793,7.3494,12.456,5.8994,10.937,7.6038,6.9856,7.0262,6.6339,6.8812,7.1553,9.4234,10.515,10.65
8.9156,38.266,37.458,41.179,37.289,35.959,36.454,53.119,31.024,44.956,26.968,16.43,16.149,15.998,46.767,40.339,32.501,36.017,21.071,21.978,34.275,24.469,17.92,21.349,20.441,24.049,29.134,23.536,18.944,21.414,19.97,10.717,25.863,27.182,17.917,18.034,28.223,15.836,16.097,15.658,14.137,14.34,11.961,13.599,10.137,11.631,13.056,9.0569,17.626,10.927,18.011,9.6812,11.798,10.474,11.853,16.246,12.7,13.965,12.345,18.184,10.756,10.884,17.691,9.2383,12.447,15.063,7.4541,15.168,19.69,9.0238,9.0913,10.797,12.333,15.602,8.8184,14.636,16.544,17.105,12.817,20.379,14.155,8.3753,12.361,19.754,16.07,14.855,0,8.1549,13.699,18.831,10.517,8.7165,12.268,7.4765,6.3246,6.0146,5.9176,10.053,11.749,14.218,6.8011,10.191,7.7705,6.8211,9.68,9.149,7.8357,7.1571,7.5855,8.271,6.257,8.0117,8.3203,8.0536,5.3859,6.3092
2.3813,1.2338,1.2311,1.2193,1.1606,1.2092,1.1346,6.0675,28.328,1.6832,2.1942,1.714,1.6671,1.6133,1.5245,48.606,0.89776,1.9293,1.594,1.7753,0.86455,0.63867,0.72258,0.73819,0.89904,1.4536,0.77677,0.60531,0.92326,0.68589,0.65417,0.62837,0.68762,0.6947,0.66285,0.64592,0.62441,0.807,0.53672,1.2054,0.86581,0.6435,0.8258,0.62519,0.53765,0.50921,0.85655,0.5132,0.72895,0.74839,0.50484,0.46328,13.946,0.66921,0.6104,0.43865,0.37939,0.64018,4.9294,0.51728,0.44159,0.33087,0.43481,0.60527,0.34042,8.4331,0.38653,0.38653,9.2115,0.5924,0.58354,0.38408,2.6809,0.39389,0.76083,1.206,3.8565,9.0354,0.58039,0.37583,1.6801,0.31172,1.1612,8.4026,8.2988,8.8836,8.1549,0,0.34953,0.59536,1.0854,0.28462,0.61707,0.96731,2.9524,0.63874,0.65619,3.6646,1.485,2.4556,1.0135,0.76042,1.392,1.3974,1.0002,0.74365,2.7152,0.70118,0.79817,0.65509,1.1412,0.7919,0,1.1934,0.70993,2.3975
0,0,0,2.6557,0,0,0,0,0,0,0,0,0,0,0,0,0,0,0,0,0,0,0,0,1.7525,0,0,0,0,0,0,0,0,0,0,0,0,0,0,0,0,0,0,0,0,0,0,0,0,0,0,0,10.66,0,0,0,0,0,3.4469,0,0,0,0,0,0,16.094,0,0,13.104,0,0,0,2.0341,0,0,1.2262,4.9799,12.167,0,0,1.9769,0,1.7666,12.882,11.57,11.365,13.699,0.34953,0,0.85213,0.69368,0.49477,0.58768,0.61072,1.5386,1.0194,1.2388,2.7658,2.3304,3.0124,0.67209,0.58322,1.6735,0.72957,0.83227,0.75862,2.9441,0.7785,1.2305,1.2639,0.7337,0.83603,0,0.81625,0.59751,2.4352
3.7079,2.6369,2.58,2.6028,2.5718,22.177,2.5142,3.7237,2.2459,3.4427,2.4334,3.5957,3.5331,3.2584,3.4264,2.8974,1.5129,2.614,1.9102,2.0731,2.8589,1.7497,1.1906,1.5166,1.465,1.7273,1.3683,1.8448,1.6311,1.9661,1.6925,2.2514,1.133,1.7001,1.4844,1.0286,1.5298,1.1416,1.4212,1.1301,1.0699,1.0697,1.0809,0.96233,1.3435,0.84114,0.95338,0.69158,1.23,0.81747,1.4349,1.5018,11.101,0.92358,1.0527,0.57546,0.99689,1.0459,3.0573,1.4804,0.70103,0.54517,1.5239,0.8042,0.75926,16.209,1.1845,0.86172,15.015,0.78755,0.79865,1.0232,2.5552,1.2112,0.6312,2.0748,4.4272,13.758,0.90555,9.2192,2.514,0.60865,1.993,14.4,12.77,12.597,18.831,0.59536,0.85213,0,0.7656,0.33853,0.71831,0.71459,1.5339,0.9067,0.97362,3.4799,2.7847,2.7692,0.78929,0.83158,1.4954,0.75426,0.74072,0.88887,3.433,0.74104,0.8344,1.0642,0.65809,0.97045,0,0.89378,1.1319,2.4847
3.4568,3.3798,3.5358,2.5115,3.1641,2.552,3.1487,0.85127,3.0024,2.7405,2.5238,2.3638,2.3108,2.2216,2.31,1.1433,2.5102,0.99873,1.8773,2.0743,1.5497,1.8127,1.5316,1.2905,1.198,0.82398,1.4707,1.1679,1.2643,1.1725,1.2043,0.80568,1.2226,1.5834,1.1242,1.4462,1.3879,1.9822,1.0201,1.3527,1.5218,1.7678,0.93903,1.4209,1.1056,1.232,1.6062,0.90662,1.0472,0.86418,1.0338,0.62351,13.302,0.84901,0.96393,0.89942,0.7199,0.9166,4.5061,0.73907,0.96303,0.77469,0.85228,0.72922,0.64114,10.36,0.53221,0.77741,12.718,0.69646,0.69623,0.64391,1.5508,0.82239,1.0849,1.2644,4.3652,12.663,0.84191,0.79217,2.0505,0.88477,1.2019,11.129,10.541,12.501,10.517,1.0854,0.69368,0.7656,0,0.28873,0.74912,0.68509,2.4701,0.64366,0.67037,2.2458,1.6874,2.2354,0.73399,0.85166,1.261,0.7618,0.92037,1.0678,3.1935,0.84401,0.7123,0.66897,0.8211,0.71342,0,3.3088,0.80598,3.0755
1.6326,1.3693,1.2892,1.9888,1.2745,1.6419,1.2008,1.147,1.0584,1.2214,0.92487,1.2341,1.1969,1.2162,1.0078,0.56635,0.80609,0.80329,0.73023,0.7468,0.98901,0.76012,0.77431,0.44933,0.42743,0.41945,0.61265,0.74438,0.60746,0.65806,0.65883,0.98347,0.68565,0.66038,0.77125,0.48932,0.65428,0.51512,0.39231,0.42641,0.41276,0.43379,0.41658,0.32412,0.45815,0.3978,0.35464,0.53502,0.36584,0.47721,0.47142,0.49993,10.673,0.36797,0.41806,0.69996,0.43501,0.38348,1.9931,0.54751,0.34047,0.38521,0.38567,0.32551,22.299,9.8857,0.40106,0.5207,8.8487,0.32021,0.37792,0.40721,1.2878,0.39327,0.30392,0.92996,2.8621,8.4037,0.25245,0.36615,1.2615,0.29218,0.67381,8.4183,8.5574,7.991,8.7165,0.28462,0.49477,0.33853,0.28873,0,0.8775,0.57668,1.9111,0.50495,0.52042,2.5408,2.6021,2.0513,0.6323,0.88891,1.2348,0.67431,0.62827,0.67645,3.2185,0.68864,0.57009,0.65781,0.62343,0.57009,0,0.65945,0.7295,3.0077
2.1598,2.9963,2.9852,2.9608,2.8256,2.9264,2.7624,3.4188,3.118,2.8635,2.7155,3.4239,3.2873,3.4291,1.7892,2.5141,2.3462,2.4066,2.1312,2.3371,2.5593,2.7707,1.375,1.9654,1.7431,1.7252,2.0772,2.2204,1.8276,1.943,10.243,1.2306,0.89083,32.898,1.4685,1.3653,1.8983,1.2535,1.3243,1.1534,0.90232,0.96645,1.2452,1.132,1.7114,1.1098,0.98821,1.189,1.2173,0.65909,1.9122,1.1774,8.8349,0.82359,1.2068,1.1665,0.83971,0.85108,2.8883,0.57959,0.77193,0.72623,0.84738,0.72668,1.0616,10.063,0.78532,0.78195,13.186,0.71516,0.72678,1.0986,1.8148,1.3583,0.77507,0.5349,4.5529,12.507,0.90098,0.79957,1.182,0.62335,1.0134,12.73,9.6661,12.041,12.268,0.61707,0.58768,0.71831,0.74912,0.8775,0,0.71757,1.7696,1.5612,5.2042,3.277,1.9179,2.5935,0.67797,0.57673,2.1615,0.6477,0.72372,0.92016,2.1775,0.94912,0.85075,0.79721,0.73918,0.87411,0,0.81564,0.72454,1.8882
3.0763,1.5388,1.521,1.52,1.4741,1.4779,1.4412,2.9143,1.1947,2.2954,1.3009,2.2769,2.1923,2.2058,1.9489,2.3094,2.4916,2.0508,1.0118,2.3195,1.5067,1.8492,8.1296,1.3125,1.2368,1.4641,1.3079,1.1976,0.86729,0.88115,0.85592,1.0755,1.2409,1.1935,1.1059,1.4548,1.0765,1.1507,1.0836,1.1205,1.2513,1.2161,0.70294,1.18,0.92158,1.0916,1.2112,0.85673,1.0198,1.6517,0.86854,0.79833,15.712,1.1284,1.0828,0.91147,0.73396,0.88989,2.8571,0.85634,0.99362,0.89983,0.79883,0.9572,0.76795,7.8713,0.77191,0.75814,8.2715,0.66029,1.0002,0.79214,1.3846,0.68062,0.92568,0.66115,3.0679,8.0592,0.71116,0.75078,1.1924,0.65431,0.63693,7.6485,7.5829,7.8892,7.4765,0.96731,0.61072,0.71459,0.68509,0.57668,0.71757,0,2.0185,0.61108,0.62607,2.7209,1.4618,2.2975,0.93129,0.79204,1.271,1.0254,0.81543,0.6613,2.4133,0.6723,0.66083,0.61856,0.85747,0.72374,0,0.71881,0.6933,2.2104
9.5907,8.1104,7.9339,7.3722,7.9135,7.3761,7.7365,9.6506,7.5123,7.2991,6.9835,6.7704,6.5706,6.4495,6.2475,7.4407,5.867,7.5524,6.4419,5.5537,4.1729,4.9259,5.772,3.7583,3.5932,5.3598,3.9658,3.4643,3.7239,3.4663,3.552,3.9688,4.6977,2.5043,3.7254,7.0968,2.3606,2.3844,2.7261,6.4944,28.102,3.3634,2.9532,3.7981,2.1848,3.6888,3.1404,2.6363,2.7953,2.8383,2.1679,2.8105,13.097,2.6582,2.0715,2.6505,2.1871,3.084,3.9696,2.5034,2.3876,3.1166,2.5148,2.3036,1.9746,7.3194,2.2964,1.9916,8.4838,2.1963,1.9299,2.0254,2.6455,1.7718,1.6688,1.9681,3.5152,8.2899,2.2287,1.6204,2.1461,7.873,1.9987,6.3246,6.8754,6.3246,6.3246,2.9524,1.5386,1.5339,2.4701,1.9111,1.7696,2.0185,0,1.2179,1.201,3.2063,1.5427,2.0001,0.70692,0.57891,1.166,0.62337,0.68919,0.61316,2.4598,0.65017,0.65639,0.61997,0.88614,0.669,0,0.87141,0.70629,2.2482
1.4697,3.7947,3.3228,3.288,3.521,3.4637,3.2307,2.6884,2.5992,1.4071,2.243,1.2902,1.2674,1.2663,1.2395,2.1474,1.9094,1.8826,1.7393,1.8527,2.3036,2.1747,1.4468,2.0085,1.8452,1.341,1.5484,1.9083,2.5815,1.5389,7.0753,1.2372,1.0712,2.06,1.4386,1.1258,1.645,1.5324,1.0288,0.96583,1.1392,0.99228,1.0265,1.2934,1.6493,0.92156,1.2246,0.9654,1.0175,0.94154,1.4351,0.70681,8.9176,0.87368,1.8831,1.4749,0.84001,0.8607,1.6808,1.0854,1.0615,0.76469,0.9485,0.77148,0.81584,10.796,0.78182,0.82136,6.4031,0.7619,0.77804,1.0104,1.2289,0.97199,0.70079,1.0215,2.5924,8.8383,0.73851,1.0208,0.82447,0.7592,0.67539,6.0146,8.7045,8.6116,6.0146,0.63874,1.0194,0.9067,0.64366,0.50495,1.5612,0.61108,1.2179,0,1.0796,4.0336,1.7518,2.1946,0.66188,5.2386,7.0492,0.61168,0.84405,0.85021,3.2861,1.5522,0.83708,0.71453,0.61603,0.67655,0,0.67144,0.76263,3.0647
1.4613,3.6495,3.2941,3.698,3.3865,4.0981,3.1358,2.7642,2.6029,1.3865,2.2536,1.3521,1.329,1.3165,1.2833,2.1427,1.9345,1.9189,1.7557,1.8499,2.6694,2.2523,1.4687,2.4509,2.2721,1.3673,1.5777,2.2417,2.3293,1.4572,2.6693,1.3432,1.023,2.6339,1.5425,1.149,1.7303,1.5481,1.1036,0.99328,1.1581,1.0207,1.0282,1.3005,1.6295,0.9368,1.2407,1.3205,1.1205,0.8907,1.7528,0.7967,8.1898,0.88218,1.7443,1.9365,0.9037,0.89508,1.7208,1.1886,1.0304,0.77686,0.93775,0.77579,0.92693,12.242,0.83317,0.94938,9.051,0.76167,0.77323,1.1896,1.1242,1.0987,0.75803,1.0864,2.6521,8.6364,0.74468,1.0338,0.89193,0.7763,0.78262,8.7458,11.112,8.3171,5.9176,0.65619,1.2388,0.97362,0.67037,0.52042,5.2042,0.62607,1.201,1.0796,0,3.5672,1.8173,2.8091,0.64172,0.93642,1.9238,0.59771,0.77807,0.83959,2.3312,1.1476,0.96514,0.76747,0.60584,0.68762,0,0.65394,0.75322,2.4427
15.411,15.462,15.943,17.199,15.589,17.288,14.542,6.2128,12.654,11.477,10.952,12.952,12.221,13.143,9.6645,5.703,9.6397,5.114,8.0137,9.4444,10.343,9.544,8.3214,8.7634,8.2542,3.9126,7.2267,8.1477,6.9071,6.0959,6.6636,4.8284,10.372,6.5407,6.2082,5.5915,5.5226,4.7255,5.0706,4.6434,4.1587,6.0763,5.1743,6.5902,5.3531,4.8622,4.3619,3.5325,4.1617,6.7994,4.5538,3.5494,16.399,4.1899,5.0416,4.062,3.2463,3.7299,2.4774,3.3038,4.1179,3.9441,3.9098,3.692,3.0003,8.2504,2.9852,3.627,12.138,3.7507,4.0174,2.5034,6.5285,3.2976,3.0494,3.46,4.5252,6.8307,2.4602,3.4987,3.2225,2.8499,2.6415,11.162,8.8831,6.6138,10.053,3.6646,2.7658,3.4799,2.2458,2.5408,3.277,2.7209,3.2063,4.0336,3.5672,0,2.5444,2.8738,2.1651,2.432,2.4652,2.6645,2.5069,2.7056,3.3276,1.8502,1.6522,1.3241,1.616,1.2735,1.2922,1.1862,1.5464,2.9506
9.464,3.9842,4.2823,3.2409,4.3097,2.508,3.9711,7.1982,4.1689,8.25,3.8032,9.0761,9.0684,8.2824,6.613,5.414,5.0647,4.9235,3.2013,3.3363,3.8893,6.3623,4.6101,4.9704,5.0983,3.4436,4.4158,2.3502,2.4772,2.8189,2.4491,2.2638,3.6577,3.882,2.8481,3.09,3.8836,3.0414,4.834,2.7781,2.5185,3.1523,2.1904,3.3508,3.6881,2.45,3.2351,3.1722,3.5081,2.2695,2.8825,3.1767,9.8048,1.7872,2.3951,2.7829,2.8771,2.8166,2.0062,3.3299,2.1725,2.0296,2.6983,1.6716,3.147,12.99,2.7687,3.8691,10.03,1.7412,1.8234,2.2808,1.9221,2.5342,1.7381,9.4573,3.3013,9.2425,1.8862,3.3031,2.9657,1.4285,7.4246,9.8408,11.056,8.5361,11.749,1.485,2.3304,2.7847,1.6874,2.6021,1.9179,1.4618,1.5427,1.7518,1.8173,2.5444,0,2.9124,0.88319,1.0811,1.2541,0.93212,1.055,1.1058,3.0616,0.84574,0.82755,0.7689,0.53594,1.0967,0.29435,0.66077,0.79414,2.9586
13.239,13.287,13.513,10.025,13.334,9.8879,13.289,9.5992,12.153,12.278,10.267,10.622,10.587,11.564,8.5472,7.3301,6.3409,6.8577,7.6252,8.415,7.0751,9.0947,4.7771,5.6149,5.1474,4.8332,5.0127,5.9064,8.106,7.4944,8.1566,4.3253,5.2032,5.6873,3.3813,3.7272,4.9502,4.4179,2.4752,3.257,2.8396,3.8008,4.1454,2.2134,4.4867,3.0812,2.1676,4.7514,3.0493,3.6387,4.5175,3.1201,14.887,3.4594,3.5309,3.0421,3.6298,3.6833,2.6278,2.0738,2.1303,2.4379,2.6799,2.9972,3.0707,10.112,2.5539,3.2892,15.203,2.9575,2.9144,3.0453,2.6233,3.3532,2.2331,3.7916,6.5285,12.223,2.7791,3.4291,2.346,2.5849,2.901,17.753,13.381,11.835,14.218,2.4556,3.0124,2.7692,2.2354,2.0513,2.5935,2.2975,2.0001,2.1946,2.8091,2.8738,2.9124,0,1.5937,1.5945,2.0347,1.608,1.4277,2.2566,5.1347,0.58773,0.82549,1.0149,0.81933,0.7459,0.89617,0.75188,7.2683,4.7715
3.4578,1.6729,1.6535,2.7762,1.6026,2.7895,1.5667,3.073,4.6131,2.5627,1.4142,2.6151,2.5062,2.5533,2.1588,2.4393,2.5786,2.1674,1.2067,2.9916,1.7006,2.1188,1.473,1.4774,1.3899,1.5733,1.4831,1.3485,0.94284,0.95791,0.93048,1.1845,1.4295,1.3581,1.2247,1.4764,1.2129,1.2606,1.1882,1.1742,1.2787,1.3456,0.76418,1.3061,1.0478,1.1824,1.3308,0.94309,1.1202,1.6733,0.97632,0.87623,10.999,0.69429,0.96719,1.0278,0.93495,0.97714,1.0458,0.94662,1.9188,0.97822,0.8745,0.62158,0.72423,7.1635,0.85253,0.83088,7.5577,0.71781,0.82168,0.74711,0.89088,0.75518,0.92515,0.72673,1.6991,7.3669,0.78544,0.83376,0.774,0.71131,0.69966,6.9929,6.9213,7.2368,6.8011,1.0135,0.67209,0.78929,0.73399,0.6323,0.67797,0.93129,0.70692,0.66188,0.64172,2.1651,0.88319,1.5937,0,0.63329,0.95871,0.93334,0.80576,0.61297,2.2421,0.79254,0.61465,0.65132,0.70106,0.668,0,0.65094,0.64712,2.0497
3.0554,3.0306,3.022,4.8469,2.8533,4.7016,2.7895,4.4473,2.7665,2.2896,2.4708,2.6882,2.6461,2.5654,2.3484,3.3225,2.9399,2.9304,1.9126,2.9144,2.9014,2.9198,1.5966,1.9701,1.7989,2.0121,2.5667,2.4456,7.6981,1.7961,2.2612,1.3313,9.5957,2.1913,1.7846,1.5896,0.89699,1.3142,1.4149,1.3301,1.1255,1.1101,1.1305,1.1574,2.0141,1.2967,1.0588,1.1557,1.3713,0.85457,1.7623,1.2392,9.5503,0.96023,3.2584,1.1763,0.97107,0.96997,1.0935,0.70428,0.94531,0.77838,1.0614,0.84613,1.029,7.8728,0.8995,0.83428,11.535,0.83728,0.85544,1.1128,1.0521,1.1823,0.88943,0.66629,2.4348,11.07,1.039,0.91787,0.73464,0.70886,0.99854,11.185,8.8479,10.891,10.191,0.76042,0.58322,0.83158,0.85166,0.88891,0.57673,0.79204,0.57891,5.2386,0.93642,2.432,1.0811,1.5945,0.63329,0,16.5,0.70468,0.7904,0.72807,2.3539,1.0605,0.74246,0.66268,0.68442,0.72569,0,0.74849,0.56634,1.9073
7.1283,7.4371,7.1818,6.8664,7.3553,7.1682,6.385,5.3259,5.3963,4.8864,4.6421,5.7802,5.5566,5.8508,4.3607,4.1979,3.9418,3.7151,3.5793,3.9542,4.9564,5.2331,3.8275,4.2579,3.7888,2.6547,3.4058,4.0242,31.068,1.9855,3.9419,2.351,4.3398,3.6539,3.2966,2.3427,2.9716,2.2889,1.9693,2.0531,1.9727,2.4172,2.2506,2.5884,3.9449,1.8841,2.4358,1.8686,2.4203,1.9218,2.5891,1.3141,10.172,1.2831,3.4765,2.7534,1.5928,2.0346,1.568,2.0302,1.8654,1.5058,1.5319,1.1918,1.5226,8.3738,1.4756,1.4986,8.6343,1.2311,1.5484,1.771,1.8482,1.7557,1.5939,1.8928,1.8035,8.3363,1.4435,1.5796,1.3516,1.0796,1.0539,8.239,8.8831,8.1793,7.7705,1.392,1.6735,1.4954,1.261,1.2348,2.1615,1.271,1.166,7.0492,1.9238,2.4652,1.2541,2.0347,0.95871,16.5,0,1.1739,1.2738,1.174,2.5311,2.9473,0.88552,0.65558,0.59953,0.63654,0.41856,0.63671,0.73617,2.3008
3.3885,1.8242,1.806,1.9388,1.8627,1.8451,1.8722,3.4229,1.2801,2.5369,1.3251,2.4896,2.3964,2.3954,2.1381,2.8092,3.5539,2.4183,3.2315,1.3484,1.093,1.7518,2.8264,1.3552,1.2923,1.7737,1.5265,1.2353,1.6091,1.6139,1.5222,1.3824,1.1676,1.6649,0.91258,2.0905,1.4263,0.87688,0.77225,1.4897,1.3225,1.3878,1.5462,1.4432,1.258,1.6447,1.1164,0.90861,0.96567,1.6174,1.1438,0.84343,16.555,1.3172,1.138,0.65214,0.76412,0.86805,1.3443,0.76697,0.87718,0.61345,0.87036,1.1576,0.70889,6.0689,0.80462,0.6976,7.6416,1.1404,1.1871,0.82416,1.0429,0.59014,1.0855,0.68956,1.9405,7.4723,0.78834,0.79094,0.74085,0.83232,0.6639,7.0179,5.7008,7.3494,6.8211,1.3974,0.72957,0.75426,0.7618,0.67431,0.6477,1.0254,0.62337,0.61168,0.59771,2.6645,0.93212,1.608,0.93334,0.70468,1.1739,0,0.64959,0.62675,2.2576,0.62081,0.6079,0.57032,1.102,0.64864,0,0.70798,0.65295,2.0606
4.964,4.0331,3.8135,3.406,3.9887,3.5275,4.4657,1.8916,3.5004,3.4918,3.0443,3.7847,3.6943,3.4507,2.9636,3.5576,2.3472,2.8745,2.3794,2.5443,2.5617,2.617,1.1984,1.6559,1.6844,2.1726,2.0105,1.5646,1.938,1.8823,1.7911,1.0433,1.6759,2.0625,1.1925,1.3562,1.6748,1.7363,1.3306,1.184,1.4625,1.4883,1.2755,1.3647,1.7765,1.1783,0.89311,1.0786,1.2413,1.078,1.5254,0.86398,11.871,1.2116,1.3383,0.90051,0.82604,1.119,1.3513,0.86373,1.2021,0.86288,0.82755,1.0194,0.74654,9.5811,0.60154,0.91336,9.777,0.94061,0.83967,0.76559,0.9532,1.0628,0.88103,0.7777,2.1358,9.9817,0.69773,0.97576,0.73056,0.94549,0.73689,10.408,10.884,12.456,9.68,1.0002,0.83227,0.74072,0.92037,0.62827,0.72372,0.81543,0.68919,0.84405,0.77807,2.5069,1.055,1.4277,0.80576,0.7904,1.2738,0.64959,0,0.8792,2.7056,0.86657,0.77685,0.61358,0.78233,0.64043,0,0.90828,0.8683,2.4253
2.7308,3.834,3.733,3.4174,3.7249,3.6493,3.6415,4.6564,2.93,2.2876,2.5136,2.4817,2.443,2.3653,4.0198,3.6441,2.2171,3.4989,1.925,2.0799,2.1302,2.7513,1.6404,2.1989,2.0982,2.533,2.0266,1.6142,1.6629,1.5993,1.638,1.4375,2.2747,1.608,0.93367,1.3037,1.4736,1.8034,1.2012,1.507,1.145,1.5537,1.0632,1.5874,1.0411,1.0864,1.4491,0.73855,2.2156,0.7994,1.1624,1.0206,8.7926,0.92371,0.98249,1.2122,0.7742,9.1813,1.0268,1.0858,0.8682,0.86209,1.3189,0.80975,0.7939,8.1335,0.83143,1.0413,14.863,0.78973,0.79681,0.6076,1.0908,0.89316,0.85753,1.1082,3.3033,14.939,1.4306,0.89761,0.97152,0.75082,0.83975,10.033,9.3444,5.8994,9.149,0.74365,0.75862,0.88887,1.0678,0.67645,0.92016,0.6613,0.61316,0.85021,0.83959,2.7056,1.1058,2.2566,0.61297,0.72807,1.174,0.62675,0.8792,0,4.7819,0.65161,0.79834,0.4983,0.60261,0.68427,0,0.92036,0.55275,3.5704
4.1857,13.69,11.759,13.611,12.517,14.975,12.496,13.697,10.239,3.2582,8.8555,13.17,12.225,12.28,5.3157,10.145,8.6698,9.164,6.8619,7.2441,9.1477,8.577,5.8263,4.2025,4.4129,6.8319,7.0617,6.8227,6.2803,6.5877,6.527,6.0094,6.862,5.6548,5.2981,5.2635,4.7411,6.8031,6.4028,4.7663,3.9247,4.6873,3.8523,6.1773,4.6036,3.7743,5.3077,8.242,6.4685,2.7133,4.7149,4.3682,7.012,3.3544,4.9169,3.789,4.5098,4.8558,3.222,6.0859,3.2954,3.0038,4.0637,2.9492,3.0912,8.7934,3.8949,2.6512,15.288,2.8804,2.9093,4.2205,3.9793,3.7364,3.3048,2.9564,5.6355,12.826,3.713,3.8093,3.0871,2.6767,4.3226,7.8357,11.194,10.937,7.8357,2.7152,2.9441,3.433,3.1935,3.2185,2.1775,2.4133,2.4598,3.2861,2.3312,3.3276,3.0616,5.1347,2.2421,2.3539,2.5311,2.2576,2.7056,4.7819,0,2.2858,1.7116,2.5097,1.6865,2.5044,2.0975,1.9818,2.2682,1.8887
4.8568,3.3048,3.636,3.2978,3.5239,3.2676,3.0925,4.0009,2.9626,3.6004,2.5445,2.3556,4.1066,2.3584,3.2707,3.4249,2.1484,2.9278,1.9597,2.1342,2.1128,2.3398,1.7246,2.4938,2.495,2.0228,1.7231,1.7189,2.0301,2.5965,0.9368,1.2852,2.5227,1.9636,1.3175,1.2511,1.6229,1.2849,1.0786,1.0646,1.2631,0.87453,1.1847,1.0858,0.94857,1.0281,1.0759,1.0261,1.0313,1.1087,0.94644,0.94726,9.748,1.2921,14.381,1.0381,0.73802,0.92889,1.1104,0.92102,1.1147,0.87497,0.83036,0.871,1.0095,9.3671,0.68042,0.98862,7.9874,1.1411,0.98914,0.91686,1.1335,0.76687,0.74681,0.86939,0.93065,7.7281,1.0274,0.79794,0.71329,0.83222,0.77462,7.5812,5.8093,7.6038,7.1571,0.70118,0.7785,0.74104,0.84401,0.68864,0.94912,0.6723,0.65017,1.5522,1.1476,1.8502,0.84574,0.58773,0.79254,1.0605,2.9473,0.62081,0.86657,0.65161,2.2858,0,0.84725,0.47479,0.56707,0.58071,0.66743,0.71209,0.69177,2.3266
1.623,3.4962,3.3383,4.6298,3.3288,4.5025,3.1133,2.9221,2.6769,2.9056,2.3274,3.2387,3.1013,3.3079,2.4557,2.236,2.0202,2.0223,1.823,1.8928,2.9724,2.259,1.5367,1.09,1.0368,1.4317,1.6058,2.2149,2.1843,2.8112,2.4634,1.5685,1.1206,2.5487,2.0072,1.2092,2.7249,1.5856,1.2527,1.0514,1.2041,1.0772,1.049,1.3182,1.5456,0.98004,1.2731,1.1136,1.1942,0.97571,1.6088,0.87275,7.2764,0.91301,1.4674,1.4142,0.98995,0.95171,0.92772,1.3496,1.0154,0.81242,0.92971,0.80236,1.2363,7.8361,0.91269,1.1357,7.7499,0.78332,0.79057,1.6455,1.0434,1.4092,0.80586,0.88544,0.92113,7.3412,0.77657,0.92944,1.0165,0.81104,1.1796,7.4664,9.6875,6.9856,7.5855,0.79817,1.2305,0.8344,0.7123,0.57009,0.85075,0.66083,0.65639,0.83708,0.96514,1.6522,0.82755,0.82549,0.61465,0.74246,0.88552,0.6079,0.77685,0.79834,1.7116,0.84725,0,0.86,0.56778,0.63688,0.63319,0.58009,0.65265,2.1896
2.4664,3.1765,2.9824,2.8451,2.996,2.7906,2.8172,2.5692,2.4634,2.6937,2.1536,2.3556,2.3102,2.3584,2.3305,2.1134,2.5059,1.9241,1.6957,2.3056,2.4174,2.0669,1.4385,1.5716,1.6846,1.3505,2.0344,1.871,0.96143,0.92417,0.92401,1.5388,1.6886,1.0561,2.0787,1.3873,0.91627,0.85468,1.4832,1.1897,0.95571,1.1423,1.1713,0.99305,1.0045,1.1077,0.97457,1.2445,1.1906,1.0011,1.0028,0.92989,10.261,1.0052,0.96938,1.2027,1.1871,1.0457,0.79388,1.3236,0.65316,0.88244,1.2926,0.8755,1.4263,14.826,1.2185,1.4021,7.9637,0.85588,0.86696,0.98379,0.76763,0.81176,0.59757,1.3239,1.1355,7.4724,0.73505,1.2104,0.8635,0.67206,0.62925,7.6745,7.9305,7.0262,8.271,0.65509,1.2639,1.0642,0.66897,0.65781,0.79721,0.61856,0.61997,0.71453,0.76747,1.3241,0.7689,1.0149,0.65132,0.66268,0.65558,0.57032,0.61358,0.4983,2.5097,0.47479,0.86,0,0.5956,0.69979,0.62844,0.58224,0.66032,2.8795
3.507,1.7096,1.6962,1.689,1.6264,1.6552,1.59,3.7668,1.5671,2.5628,1.4353,2.5195,2.4364,2.3554,2.212,2.9695,3.2599,2.6386,3.043,1.2356,1.3787,1.1247,2.0541,1.3668,1.3048,1.8345,1.0289,1.2464,1.3697,1.3522,1.2998,1.1522,0.94436,1.6179,0.89687,2.1598,1.4223,1.3143,0.98457,1.4717,1.8341,1.3702,1.1968,1.1893,1.2134,1.2906,1.4003,0.9241,1.2135,1.5209,1.1202,0.85332,10.025,1.0569,1.0923,0.80825,0.7834,1.0592,1.1797,0.91297,0.9324,0.78513,0.7943,0.91316,0.7523,6.5564,0.81316,0.81316,6.9565,0.88188,1.0565,0.82099,0.89578,0.84275,4.9123,0.70376,0.81715,6.7851,0.79228,0.68556,0.75264,0.63656,0.6778,6.3955,6.3394,6.6339,6.257,1.1412,0.7337,0.65809,0.8211,0.62343,0.73918,0.85747,0.88614,0.61603,0.60584,1.616,0.53594,0.81933,0.70106,0.68442,0.59953,1.102,0.78233,0.60261,1.6865,0.56707,0.56778,0.5956,0,0.62485,0.47269,0.6778,0.60152,1.9187
4.6167,4.395,4.143,5.1962,4.1696,4.9915,3.9562,2.9962,3.5423,3.4872,3.0107,3.0712,3.0611,2.8416,3.0286,2.228,1.9836,2.0599,2.2614,2.3679,2.4708,2.5789,1.4995,1.6883,1.6374,1.428,1.9639,2.3019,1.8928,1.9065,1.9603,4.2774,1.3887,1.4453,1.7161,1.4534,1.4169,1.3002,0.95164,1.0479,1.0122,1.112,1.1789,0.78622,1.0685,1.1573,0.86026,1.5533,0.88741,1.112,1.0815,1.63,9.9474,1.0216,0.94558,0.97852,1.4259,0.99927,0.83215,1.5411,0.80481,0.79037,0.88271,0.88995,0.94538,8.5745,1.0674,1.3282,7.8601,0.86568,0.80143,0.83539,0.77587,0.88151,0.74855,1.2724,0.81583,7.378,0.77192,0.94803,4.4396,0.81285,0.71122,7.3122,7.5024,6.8812,8.0117,0.7919,0.83603,0.97045,0.71342,0.57009,0.87411,0.72374,0.669,0.67655,0.68762,1.2735,1.0967,0.7459,0.668,0.72569,0.63654,0.64864,0.64043,0.68427,2.5044,0.58071,0.63688,0.69979,0.62485,0,0.99127,0.58647,0.6502,2.9918
0,0,0,0,0,0,0,0,0,0,0,0,0,0,0,0,0,0,0,0,0,0,0,0,0,0,0,0,0,0,0,0,0,0,0,0,0,0,0,0,0,0,0,0,0,0,0,0,0,0,0,0,8.4237,0,0,0,0,0,0,0,0,0,2.8259,0,0,8.0058,0,0,8.3104,0,0,0,0,0,0,0,0.9963,7.7601,0,0,0,0,0,7.6025,7.7899,7.1553,8.3203,0,0,0,0,0,0,0,0,0,0,1.2922,0.29435,0.89617,0,0,0.41856,0,0,0,2.0975,0.66743,0.63319,0.62844,0.47269,0.99127,0,0.60099,0.66717,2.4821
4.2089,4.0917,4.2684,3.0564,3.8221,3.1042,3.796,0.94152,3.5974,3.2691,3.0159,2.8532,2.7893,2.6721,2.7872,1.3738,3.0219,1.1097,2.2305,2.4702,1.942,2.168,1.9329,1.5153,1.4318,1.0175,1.7713,1.4034,1.5116,1.4324,1.4421,0.96612,1.4568,1.8696,1.293,1.7034,1.6392,2.4534,1.3055,1.6094,1.7119,1.9904,1.1161,1.5861,1.3928,1.4103,1.9837,1.0821,1.2442,0.97571,1.2891,0.75829,10.279,0.98928,1.1756,1.0596,0.86546,1.0818,1.2197,0.88385,1.118,0.91571,0.96171,0.85748,0.77127,8.0094,0.67198,0.91812,9.6762,0.82585,1.0093,0.77089,0.68111,0.96131,1.2394,0.81732,0.94447,9.593,0.96946,0.92593,0.86488,1.0942,0.7533,8.4749,8.2883,9.4234,8.0536,1.1934,0.81625,0.89378,3.3088,0.65945,0.81564,0.71881,0.87141,0.67144,0.65394,1.1862,0.66077,0.75188,0.65094,0.74849,0.63671,0.70798,0.90828,0.92036,1.9818,0.71209,0.58009,0.58224,0.6778,0.58647,0.60099,0,0.65104,2.4438
4.8444,2.997,3.0257,2.935,2.9711,2.691,3.2863,3.0703,3.0355,4.302,2.6185,4.0671,4.3474,4.3215,4.216,2.8495,3.2594,2.5247,2.018,2.1686,1.5767,1.8245,1.7277,1.795,1.7191,1.7809,3,1.8452,1.9215,1.5079,1.7832,2.0353,2.8007,0.96432,1.8938,1.756,0.91649,0.89655,1.42,1.5145,1.1159,1.4485,1.1405,1.4742,1.4505,1.4542,1.336,1.3784,1.7259,1.3056,0.82487,1.2963,13.467,0.98143,1.1018,1.2731,0.97012,1.4502,0.94707,1.1702,0.91473,1.0072,1.3438,0.86055,0.85283,6.0887,1.112,0.88304,16.792,0.84327,0.85445,0.92025,0.93744,0.67516,0.64498,0.85459,18.974,16.29,1.0407,0.62156,0.96146,0.76876,0.95664,5.3859,5.7194,10.515,5.3859,0.70993,0.59751,1.1319,0.80598,0.7295,0.72454,0.6933,0.70629,0.76263,0.75322,1.5464,0.79414,7.2683,0.64712,0.56634,0.73617,0.65295,0.8683,0.55275,2.2682,0.69177,0.65265,0.66032,0.60152,0.6502,0.66717,0.65104,0,2.224
5.1046,12.376,10.49,13.047,11.391,14.061,11.238,14.039,9.3148,11.104,8.0639,14.123,12.778,12.479,12.06,9.9616,8.7691,9.57,6.2582,6.5678,8.2974,7.5585,5.31,4.4675,4.7782,6.9012,6.1959,6.4455,5.6302,6.0497,5.884,6.5518,6.8462,4.4587,5.5706,5.3046,3.7526,5.4871,6.1858,4.5938,3.5223,4.1675,3.5022,4.9246,4.1104,3.4246,4.2975,6.7512,6.058,2.5244,4.2501,4.8642,7.1232,3.0581,4.2475,3.5216,3.6625,4.1528,3.0185,6.2552,2.8465,2.742,4.1335,2.6895,2.8858,8.4164,4.0984,2.1592,13.646,2.6239,2.6478,3.8988,3.5421,3.4508,2.9873,3.5224,5.3606,12.013,3.7139,3.0082,2.9301,2.4453,3.6372,6.3092,9.0432,10.65,6.3092,2.3975,2.4352,2.4847,3.0755,3.0077,1.8882,2.2104,2.2482,3.0647,2.4427,2.9506,2.9586,4.7715,2.0497,1.9073,2.3008,2.0606,2.4253,3.5704,1.8887,2.3266,2.1896,2.8795,1.9187,2.9918,2.4821,2.4438,2.224,0
